year,week,hometeam,awayteam,homescore,awayscore
2010,1,NOR,MIN,14,9
2010,1,KAN,SDG,21,14
2010,1,WAS,DAL,13,7
2010,1,TAM,CLE,17,14
2010,1,SEA,SFO,31,6
2010,1,STL,ARI,13,17
2010,1,PIT,ATL,15,9
2010,1,PHI,GNB,20,27
2010,1,NYJ,BAL,9,10
2010,1,NYG,CAR,31,18
2010,1,NWE,CIN,38,24
2010,1,JAX,DEN,24,17
2010,1,HOU,IND,34,24
2010,1,CHI,DET,19,14
2010,1,BUF,MIA,10,15
2010,1,TEN,OAK,38,13
2010,2,WAS,HOU,27,30
2010,2,SDG,JAX,38,13
2010,2,OAK,STL,16,14
2010,2,TEN,PIT,11,19
2010,2,NYJ,NWE,28,14
2010,2,MIN,MIA,10,14
2010,2,DAL,CHI,20,27
2010,2,DET,PHI,32,35
2010,2,DEN,SEA,31,14
2010,2,IND,NYG,38,14
2010,2,CLE,KAN,14,16
2010,2,CIN,BAL,15,10
2010,2,SFO,NOR,22,25
2010,2,GNB,BUF,34,7
2010,2,CAR,TAM,7,20
2010,2,ATL,ARI,41,7
2010,3,NYG,TEN,10,29
2010,3,CHI,GNB,20,17
2010,3,TAM,PIT,13,38
2010,3,SEA,SDG,27,20
2010,3,BAL,CLE,24,17
2010,3,STL,WAS,30,16
2010,3,NWE,BUF,38,30
2010,3,MIN,DET,24,10
2010,3,NOR,ATL,24,27
2010,3,KAN,SFO,31,10
2010,3,JAX,PHI,3,28
2010,3,HOU,DAL,13,27
2010,3,DEN,IND,13,27
2010,3,ARI,OAK,24,23
2010,3,CAR,CIN,7,20
2010,3,MIA,NYJ,23,31
2010,4,OAK,HOU,24,31
2010,4,PIT,BAL,14,17
2010,4,STL,SEA,20,3
2010,4,JAX,IND,31,28
2010,4,MIA,NWE,14,41
2010,4,PHI,WAS,12,17
2010,4,SDG,ARI,41,10
2010,4,TEN,DEN,20,26
2010,4,ATL,SFO,16,14
2010,4,NOR,CAR,16,14
2010,4,GNB,DET,28,26
2010,4,CLE,CIN,23,20
2010,4,BUF,NYJ,14,38
2010,4,NYG,CHI,17,3
2010,5,HOU,NYG,10,34
2010,5,WAS,GNB,16,13
2010,5,OAK,SDG,35,27
2010,5,BAL,DEN,31,17
2010,5,SFO,PHI,24,27
2010,5,NYJ,MIN,29,20
2010,5,CIN,TAM,21,24
2010,5,IND,KAN,19,9
2010,5,CLE,ATL,10,20
2010,5,CAR,CHI,6,23
2010,5,BUF,JAX,26,36
2010,5,DET,STL,44,6
2010,5,ARI,NOR,30,20
2010,5,DAL,TEN,27,34
2010,6,MIN,DAL,24,21
2010,6,DEN,NYJ,20,24
2010,6,CHI,SEA,20,23
2010,6,JAX,TEN,3,30
2010,6,WAS,IND,24,27
2010,6,TAM,NOR,6,31
2010,6,SFO,OAK,17,9
2010,6,PIT,CLE,28,10
2010,6,STL,SDG,20,17
2010,6,NYG,DET,28,20
2010,6,NWE,BAL,23,20
2010,6,HOU,KAN,35,31
2010,6,GNB,MIA,20,23
2010,6,PHI,ATL,31,17
2010,7,NOR,CLE,17,30
2010,7,TAM,STL,18,17
2010,7,DAL,NYG,35,41
2010,7,SDG,NWE,20,23
2010,7,BAL,BUF,37,34
2010,7,TEN,PHI,37,19
2010,7,MIA,PIT,22,23
2010,7,SEA,ARI,22,10
2010,7,GNB,MIN,28,24
2010,7,DEN,OAK,14,59
2010,7,CHI,WAS,14,17
2010,7,CAR,SFO,23,20
2010,7,ATL,CIN,39,32
2010,7,KAN,JAX,42,20
2010,8,IND,HOU,30,17
2010,8,SFO,DEN,24,16
2010,8,NWE,MIN,28,18
2010,8,NOR,PIT,20,10
2010,8,KAN,BUF,13,10
2010,8,SDG,TEN,33,25
2010,8,DAL,JAX,17,35
2010,8,DET,WAS,37,25
2010,8,STL,CAR,20,10
2010,8,NYJ,GNB,0,9
2010,8,CIN,MIA,14,22
2010,8,ARI,TAM,35,38
2010,8,OAK,SEA,33,3
2010,9,ATL,TAM,27,21
2010,9,BUF,CHI,19,22
2010,9,CAR,NOR,3,34
2010,9,DET,NYJ,20,23
2010,9,GNB,DAL,45,7
2010,9,HOU,SDG,23,29
2010,9,MIN,ARI,27,24
2010,9,PHI,IND,26,24
2010,9,OAK,KAN,23,20
2010,9,BAL,MIA,26,10
2010,9,CLE,NWE,34,14
2010,9,CIN,PIT,21,27
2010,9,SEA,NYG,7,41
2010,10,WAS,PHI,28,59
2010,10,TAM,CAR,31,16
2010,10,SFO,STL,23,20
2010,10,PIT,NWE,26,39
2010,10,MIA,TEN,29,17
2010,10,JAX,HOU,31,24
2010,10,NYG,DAL,20,33
2010,10,ARI,SEA,18,36
2010,10,IND,CIN,23,17
2010,10,CLE,NYJ,20,26
2010,10,CHI,MIN,27,13
2010,10,BUF,DET,14,12
2010,10,ATL,BAL,26,21
2010,10,DEN,KAN,49,29
2010,11,PHI,NYG,27,17
2010,11,CAR,BAL,13,37
2010,11,SDG,DEN,35,14
2010,11,SFO,TAM,0,21
2010,11,STL,ATL,17,34
2010,11,PIT,OAK,35,3
2010,11,TEN,WAS,16,19
2010,11,MIA,CHI,0,16
2010,11,NWE,IND,31,28
2010,11,NOR,SEA,34,19
2010,11,MIN,GNB,3,31
2010,11,KAN,ARI,31,13
2010,11,JAX,CLE,24,20
2010,11,DAL,DET,35,19
2010,11,CIN,BUF,31,49
2010,11,NYJ,HOU,30,27
2010,12,ARI,SFO,6,27
2010,12,WAS,MIN,13,17
2010,12,BAL,TAM,17,10
2010,12,OAK,MIA,17,33
2010,12,NYG,JAX,24,20
2010,12,HOU,TEN,20,0
2010,12,SEA,KAN,24,42
2010,12,IND,SDG,14,36
2010,12,DAL,NOR,27,30
2010,12,DEN,STL,33,36
2010,12,NYJ,CIN,26,10
2010,12,DET,NWE,24,45
2010,12,BUF,PIT,16,19
2010,12,CLE,CAR,24,23
2010,12,CHI,PHI,31,26
2010,12,ATL,GNB,20,17
2010,13,SEA,CAR,31,14
2010,13,SDG,OAK,13,28
2010,13,BAL,PIT,10,13
2010,13,TEN,JAX,6,17
2010,13,NYG,WAS,31,7
2010,13,MIN,BUF,38,14
2010,13,MIA,CLE,10,13
2010,13,GNB,SFO,34,16
2010,13,ARI,STL,6,19
2010,13,IND,DAL,35,38
2010,13,CIN,NOR,30,34
2010,13,PHI,HOU,34,24
2010,13,TAM,ATL,24,28
2010,13,KAN,DEN,10,6
2010,13,DET,CHI,20,24
2010,13,NWE,NYJ,45,3
2010,14,BUF,CLE,13,6
2010,14,TEN,IND,28,30
2010,14,MIN,NYG,3,21
2010,14,HOU,BAL,28,34
2010,14,WAS,TAM,16,17
2010,14,SFO,SEA,40,21
2010,14,SDG,KAN,31,0
2010,14,PIT,CIN,23,7
2010,14,JAX,OAK,38,31
2010,14,NOR,STL,31,13
2010,14,DET,GNB,7,3
2010,14,DAL,PHI,27,30
2010,14,ARI,DEN,43,13
2010,14,CHI,NWE,7,36
2010,14,NYJ,MIA,6,10
2010,14,CAR,ATL,10,31
2010,15,MIN,CHI,14,40
2010,15,SEA,ATL,18,34
2010,15,BAL,NOR,30,24
2010,15,STL,KAN,13,27
2010,15,OAK,DEN,39,23
2010,15,TEN,HOU,31,17
2010,15,TAM,DET,20,23
2010,15,NWE,GNB,31,27
2010,15,NYG,PHI,31,38
2010,15,SDG,SFO,34,7
2010,15,CAR,ARI,19,12
2010,15,PIT,NYJ,17,22
2010,15,IND,JAX,34,24
2010,15,DAL,WAS,33,30
2010,15,MIA,BUF,14,17
2010,15,CIN,CLE,19,17
2010,16,PHI,MIN,14,24
2010,16,ATL,NOR,14,17
2010,16,TAM,SEA,38,15
2010,16,STL,SFO,25,17
2010,16,OAK,IND,26,31
2010,16,MIA,DET,27,34
2010,16,KAN,TEN,34,14
2010,16,GNB,NYG,45,17
2010,16,DEN,HOU,24,23
2010,16,CIN,SDG,34,20
2010,16,CHI,NYJ,38,34
2010,16,BUF,NWE,3,34
2010,16,ARI,DAL,27,26
2010,16,PIT,CAR,27,3
2010,16,JAX,WAS,17,20
2010,16,CLE,BAL,10,20
2010,17,DEN,SDG,28,33
2010,17,ATL,CAR,31,10
2010,17,WAS,NYG,14,17
2010,17,SFO,ARI,38,7
2010,17,SEA,STL,16,6
2010,17,BAL,CIN,13,7
2010,17,PHI,DAL,13,14
2010,17,NYJ,BUF,38,7
2010,17,NWE,MIA,38,7
2010,17,NOR,TAM,13,23
2010,17,KAN,OAK,10,31
2010,17,HOU,JAX,34,17
2010,17,GNB,CHI,10,3
2010,17,DET,MIN,20,13
2010,17,IND,TEN,23,20
2010,17,CLE,PIT,9,41
2011,1,GNB,NOR,42,34
2011,1,DEN,OAK,20,23
2011,1,WAS,NYG,28,14
2011,1,TAM,DET,20,27
2011,1,SFO,SEA,33,17
2011,1,SDG,MIN,24,17
2011,1,BAL,PIT,35,7
2011,1,STL,PHI,13,31
2011,1,MIA,NWE,24,38
2011,1,KAN,BUF,7,41
2011,1,JAX,TEN,16,14
2011,1,HOU,IND,34,7
2011,1,ARI,CAR,28,21
2011,1,CLE,CIN,17,27
2011,1,CHI,ATL,30,12
2011,1,NYJ,DAL,27,24
2011,2,WAS,ARI,22,21
2011,2,SFO,DAL,24,27
2011,2,PIT,SEA,24,0
2011,2,TEN,BAL,26,13
2011,2,NYJ,JAX,32,3
2011,2,NWE,SDG,35,21
2011,2,DET,KAN,48,3
2011,2,MIN,TAM,20,24
2011,2,MIA,HOU,13,23
2011,2,DEN,CIN,24,22
2011,2,IND,CLE,19,27
2011,2,CAR,GNB,23,30
2011,2,NYG,STL,28,16
2011,2,NOR,CHI,30,13
2011,2,BUF,OAK,38,35
2011,2,ATL,PHI,35,31
2011,3,STL,BAL,7,37
2011,3,DAL,WAS,18,16
2011,3,TAM,ATL,16,13
2011,3,SEA,ARI,13,10
2011,3,SDG,KAN,20,17
2011,3,OAK,NYJ,34,24
2011,3,PHI,NYG,16,29
2011,3,NOR,HOU,40,33
2011,3,TEN,DEN,17,14
2011,3,IND,PIT,20,23
2011,3,CLE,MIA,17,16
2011,3,CIN,SFO,8,13
2011,3,CHI,GNB,17,27
2011,3,CAR,JAX,16,10
2011,3,BUF,NWE,34,31
2011,3,MIN,DET,23,26
2011,4,STL,WAS,10,17
2011,4,OAK,NWE,19,31
2011,4,BAL,NYJ,34,17
2011,4,GNB,DEN,49,23
2011,4,SEA,ATL,28,30
2011,4,TAM,IND,24,17
2011,4,PHI,SFO,23,24
2011,4,SDG,MIA,26,16
2011,4,KAN,MIN,22,17
2011,4,CIN,BUF,23,20
2011,4,HOU,PIT,17,10
2011,4,DAL,DET,30,34
2011,4,ARI,NYG,27,31
2011,4,CLE,TEN,13,31
2011,4,CHI,CAR,34,29
2011,4,JAX,NOR,10,23
2011,5,HOU,OAK,20,25
2011,5,NWE,NYJ,30,21
2011,5,JAX,CIN,20,30
2011,5,MIN,ARI,34,10
2011,5,NYG,SEA,25,36
2011,5,ATL,GNB,14,25
2011,5,SFO,TAM,48,3
2011,5,DET,CHI,24,13
2011,5,CAR,NOR,27,30
2011,5,BUF,PHI,31,24
2011,5,DEN,SDG,24,29
2011,5,PIT,TEN,38,17
2011,5,IND,KAN,24,28
2011,6,DET,SFO,19,25
2011,6,CHI,MIN,39,10
2011,6,NYJ,MIA,24,6
2011,6,WAS,PHI,13,20
2011,6,TAM,NOR,26,20
2011,6,BAL,HOU,29,14
2011,6,PIT,JAX,17,13
2011,6,OAK,CLE,24,17
2011,6,NWE,DAL,20,16
2011,6,GNB,STL,24,3
2011,6,ATL,CAR,31,17
2011,6,CIN,IND,27,17
2011,6,NYG,BUF,27,24
2011,7,NOR,IND,62,7
2011,7,JAX,BAL,12,7
2011,7,OAK,KAN,0,28
2011,7,TEN,HOU,7,41
2011,7,NYJ,SDG,27,21
2011,7,MIN,GNB,27,33
2011,7,TAM,CHI,18,24
2011,7,DET,ATL,16,23
2011,7,DAL,STL,34,7
2011,7,ARI,PIT,20,32
2011,7,CLE,SEA,6,3
2011,7,CAR,WAS,33,20
2011,7,MIA,DEN,15,18
2011,8,KAN,SDG,23,20
2011,8,PIT,NWE,25,17
2011,8,PHI,DAL,34,7
2011,8,TEN,IND,27,10
2011,8,NYG,MIA,20,17
2011,8,SFO,CLE,20,10
2011,8,DEN,DET,10,45
2011,8,HOU,JAX,24,14
2011,8,SEA,CIN,12,34
2011,8,STL,NOR,31,21
2011,8,BUF,WAS,23,0
2011,8,CAR,MIN,21,24
2011,8,BAL,ARI,30,27
2011,9,BUF,NYJ,11,27
2011,9,IND,ATL,7,31
2011,9,ARI,STL,19,13
2011,9,DAL,SEA,23,13
2011,9,KAN,MIA,3,31
2011,9,NOR,TAM,27,16
2011,9,NWE,NYG,20,24
2011,9,TEN,CIN,17,24
2011,9,PIT,BAL,20,23
2011,9,OAK,DEN,24,38
2011,9,SDG,GNB,38,45
2011,9,HOU,CLE,30,12
2011,9,PHI,CHI,24,30
2011,9,WAS,SFO,11,19
2011,10,TAM,HOU,9,37
2011,10,GNB,MIN,45,7
2011,10,SEA,BAL,22,17
2011,10,PHI,ARI,17,21
2011,10,NYJ,NWE,16,37
2011,10,MIA,WAS,20,9
2011,10,KAN,DEN,10,17
2011,10,SFO,NYG,27,20
2011,10,IND,JAX,3,17
2011,10,CLE,STL,12,13
2011,10,CIN,PIT,17,24
2011,10,CHI,DET,37,13
2011,10,CAR,TEN,3,30
2011,10,ATL,NOR,23,26
2011,10,DAL,BUF,44,7
2011,10,SDG,OAK,17,24
2011,11,NWE,KAN,34,3
2011,11,WAS,DAL,24,27
2011,11,SFO,ARI,23,7
2011,11,BAL,CIN,31,24
2011,11,STL,SEA,7,24
2011,11,NYG,PHI,10,17
2011,11,MIA,BUF,35,8
2011,11,GNB,TAM,35,26
2011,11,DET,CAR,49,35
2011,11,CLE,JAX,14,10
2011,11,CHI,SDG,31,20
2011,11,ATL,TEN,23,17
2011,11,DEN,NYJ,17,13
2011,11,MIN,OAK,21,27
2011,12,PHI,NWE,20,38
2011,12,NOR,NYG,49,24
2011,12,SEA,WAS,17,23
2011,12,SDG,DEN,13,16
2011,12,STL,ARI,20,23
2011,12,OAK,CHI,25,20
2011,12,TEN,TAM,23,17
2011,12,JAX,HOU,13,20
2011,12,KAN,PIT,9,13
2011,12,DAL,MIA,20,19
2011,12,NYJ,BUF,28,24
2011,12,BAL,SFO,16,6
2011,12,DET,GNB,15,27
2011,12,IND,CAR,19,27
2011,12,CIN,CLE,23,20
2011,12,ATL,MIN,24,14
2011,13,WAS,NYJ,19,34
2011,13,TAM,CAR,19,38
2011,13,SFO,STL,26,0
2011,13,PIT,CIN,35,7
2011,13,NYG,GNB,35,38
2011,13,NWE,IND,31,24
2011,13,MIN,DEN,32,35
2011,13,MIA,OAK,34,14
2011,13,ARI,DAL,19,13
2011,13,CLE,BAL,10,24
2011,13,CHI,KAN,3,10
2011,13,BUF,TEN,17,23
2011,13,SEA,PHI,31,14
2011,13,NOR,DET,31,17
2011,13,HOU,ATL,17,10
2011,13,JAX,SDG,14,38
2011,14,CAR,ATL,23,31
2011,14,PIT,CLE,14,3
2011,14,SEA,STL,30,13
2011,14,WAS,NWE,27,34
2011,14,SDG,BUF,37,10
2011,14,BAL,IND,24,10
2011,14,TEN,NOR,17,22
2011,14,NYJ,KAN,37,10
2011,14,GNB,OAK,46,16
2011,14,JAX,TAM,41,14
2011,14,DET,MIN,34,28
2011,14,DEN,CHI,13,10
2011,14,DAL,NYG,34,37
2011,14,ARI,SFO,21,19
2011,14,MIA,PHI,10,26
2011,14,CIN,HOU,19,20
2011,15,SFO,PIT,20,3
2011,15,STL,CIN,13,20
2011,15,OAK,DET,27,28
2011,15,PHI,NYJ,45,19
2011,15,NYG,WAS,10,23
2011,15,KAN,GNB,19,14
2011,15,SDG,BAL,34,14
2011,15,DEN,NWE,23,41
2011,15,HOU,CAR,13,28
2011,15,ATL,JAX,41,14
2011,15,TAM,DAL,15,31
2011,15,MIN,NOR,20,42
2011,15,CHI,SEA,14,38
2011,15,IND,TEN,27,13
2011,15,ARI,CLE,20,17
2011,15,BUF,MIA,23,30
2011,16,NOR,ATL,45,16
2011,16,GNB,CHI,35,21
2011,16,WAS,MIN,26,33
2011,16,SEA,SFO,17,19
2011,16,BAL,CLE,20,14
2011,16,PIT,STL,27,0
2011,16,TEN,JAX,23,17
2011,16,NWE,MIA,27,24
2011,16,KAN,OAK,13,16
2011,16,DAL,PHI,7,20
2011,16,CIN,ARI,23,16
2011,16,CAR,TAM,48,16
2011,16,BUF,DEN,40,14
2011,16,IND,HOU,19,16
2011,16,NYJ,NYG,14,29
2011,16,DET,SDG,38,10
2011,17,ARI,SEA,23,20
2011,17,ATL,TAM,45,24
2011,17,STL,SFO,27,34
2011,17,OAK,SDG,26,38
2011,17,PHI,WAS,34,10
2011,17,NYG,DAL,31,14
2011,17,NWE,BUF,49,21
2011,17,NOR,CAR,45,17
2011,17,MIN,CHI,13,17
2011,17,MIA,NYJ,19,17
2011,17,JAX,IND,19,13
2011,17,HOU,TEN,22,23
2011,17,GNB,DET,45,41
2011,17,DEN,KAN,3,7
2011,17,CLE,PIT,9,13
2011,17,CIN,BAL,16,24
2012,1,NYG,DAL,17,24
2012,1,OAK,SDG,14,22
2012,1,TAM,CAR,16,10
2012,1,TEN,NWE,13,34
2012,1,NYJ,BUF,48,28
2012,1,NOR,WAS,32,40
2012,1,MIN,JAX,26,23
2012,1,KAN,ATL,24,40
2012,1,BAL,CIN,44,13
2012,1,GNB,SFO,22,30
2012,1,DET,STL,27,23
2012,1,DEN,PIT,31,19
2012,1,ARI,SEA,20,16
2012,1,CLE,PHI,16,17
2012,1,CHI,IND,41,21
2012,1,HOU,MIA,30,10
2012,2,SFO,DET,27,19
2012,2,SEA,DAL,27,7
2012,2,SDG,TEN,38,10
2012,2,STL,WAS,31,28
2012,2,PIT,NYJ,27,10
2012,2,PHI,BAL,24,23
2012,2,JAX,HOU,7,27
2012,2,NWE,ARI,18,20
2012,2,MIA,OAK,35,13
2012,2,IND,MIN,23,20
2012,2,CIN,CLE,34,27
2012,2,CAR,NOR,35,27
2012,2,ATL,DEN,27,21
2012,2,NYG,TAM,41,34
2012,2,BUF,KAN,35,17
2012,2,GNB,CHI,23,10
2012,3,TEN,DET,44,41
2012,3,SEA,GNB,14,12
2012,3,WAS,CIN,31,38
2012,3,SDG,ATL,3,27
2012,3,BAL,NWE,31,30
2012,3,OAK,PIT,34,31
2012,3,NOR,KAN,24,27
2012,3,MIA,NYJ,20,23
2012,3,MIN,SFO,24,13
2012,3,DAL,TAM,16,10
2012,3,ARI,PHI,27,6
2012,3,IND,JAX,17,22
2012,3,CLE,BUF,14,24
2012,3,CHI,STL,23,6
2012,3,CAR,NYG,7,36
2012,3,DEN,HOU,25,31
2012,4,PHI,NYG,19,17
2012,4,NYJ,SFO,0,34
2012,4,STL,SEA,19,13
2012,4,DET,MIN,13,20
2012,4,DAL,CHI,18,34
2012,4,KAN,SDG,20,37
2012,4,TAM,WAS,22,24
2012,4,JAX,CIN,10,27
2012,4,ATL,CAR,30,28
2012,4,GNB,NOR,28,27
2012,4,DEN,OAK,37,6
2012,4,ARI,MIA,24,21
2012,4,BUF,NWE,28,52
2012,4,BAL,CLE,23,16
2012,4,HOU,TEN,38,14
2012,5,NWE,DEN,31,21
2012,5,WAS,ATL,17,24
2012,5,NYG,CLE,41,27
2012,5,PIT,PHI,16,14
2012,5,SFO,BUF,45,3
2012,5,NYJ,HOU,17,23
2012,5,CIN,MIA,13,17
2012,5,JAX,CHI,3,41
2012,5,IND,GNB,30,27
2012,5,CAR,SEA,12,16
2012,5,STL,ARI,17,3
2012,5,NOR,SDG,31,24
2012,5,KAN,BAL,6,9
2012,5,MIN,TEN,30,7
2012,6,HOU,GNB,24,42
2012,6,ATL,OAK,23,20
2012,6,SDG,DEN,24,35
2012,6,WAS,MIN,38,26
2012,6,TAM,KAN,38,10
2012,6,SFO,NYG,3,26
2012,6,BAL,DAL,31,29
2012,6,PHI,DET,23,26
2012,6,SEA,NWE,24,23
2012,6,MIA,STL,17,14
2012,6,TEN,PIT,26,23
2012,6,ARI,BUF,16,19
2012,6,CLE,CIN,34,24
2012,6,NYJ,IND,35,9
2012,7,NWE,NYJ,29,26
2012,7,CHI,DET,13,7
2012,7,STL,GNB,20,30
2012,7,OAK,JAX,26,23
2012,7,NYG,WAS,27,23
2012,7,MIN,ARI,21,14
2012,7,TAM,NOR,28,35
2012,7,IND,CLE,17,13
2012,7,CIN,PIT,17,24
2012,7,CAR,DAL,14,19
2012,7,BUF,TEN,34,35
2012,7,SFO,SEA,13,6
2012,7,HOU,BAL,43,13
2012,8,ARI,SFO,3,24
2012,8,STL,NWE,7,45
2012,8,KAN,OAK,16,26
2012,8,GNB,JAX,24,15
2012,8,DET,SEA,28,24
2012,8,NYJ,MIA,9,30
2012,8,DAL,NYG,24,29
2012,8,DEN,NOR,34,14
2012,8,PIT,WAS,27,12
2012,8,PHI,ATL,17,30
2012,8,TEN,IND,13,19
2012,8,CHI,CAR,23,22
2012,8,CLE,SDG,7,6
2012,8,MIN,TAM,17,36
2012,9,SDG,KAN,31,13
2012,9,ATL,DAL,19,13
2012,9,CIN,DEN,23,31
2012,9,IND,MIA,23,20
2012,9,GNB,ARI,31,17
2012,9,HOU,BUF,21,9
2012,9,JAX,DET,14,31
2012,9,NYG,PIT,20,24
2012,9,TEN,CHI,20,51
2012,9,OAK,TAM,32,42
2012,9,SEA,MIN,30,20
2012,9,CLE,BAL,15,25
2012,9,NOR,PHI,28,13
2012,9,WAS,CAR,13,21
2012,10,PIT,KAN,16,13
2012,10,TAM,SDG,34,24
2012,10,SFO,STL,24,24
2012,10,SEA,NYJ,28,7
2012,10,PHI,DAL,23,38
2012,10,NWE,BUF,37,31
2012,10,BAL,OAK,55,20
2012,10,MIN,DET,34,24
2012,10,MIA,TEN,3,37
2012,10,CIN,NYG,31,13
2012,10,CHI,HOU,6,13
2012,10,CAR,DEN,14,36
2012,10,JAX,IND,10,27
2012,10,NOR,ATL,31,27
2012,11,OAK,NOR,17,38
2012,11,ATL,ARI,23,19
2012,11,SFO,CHI,32,7
2012,11,WAS,PHI,31,6
2012,11,STL,NYJ,13,27
2012,11,PIT,BAL,10,13
2012,11,BUF,MIA,19,14
2012,11,KAN,CIN,6,28
2012,11,HOU,JAX,43,37
2012,11,DET,GNB,20,24
2012,11,DEN,SDG,30,23
2012,11,DAL,CLE,23,20
2012,11,CAR,TAM,21,27
2012,11,NWE,IND,59,24
2012,12,PHI,CAR,22,30
2012,12,SDG,BAL,13,16
2012,12,NYG,GNB,38,10
2012,12,NOR,SFO,21,31
2012,12,MIA,SEA,24,21
2012,12,KAN,DEN,9,17
2012,12,TAM,ATL,23,24
2012,12,ARI,STL,17,31
2012,12,DAL,WAS,31,38
2012,12,JAX,TEN,24,19
2012,12,DET,HOU,31,34
2012,12,NYJ,NWE,19,49
2012,12,CHI,MIN,28,10
2012,12,CIN,OAK,34,10
2012,12,IND,BUF,20,13
2012,12,CLE,PIT,20,14
2012,13,SDG,CIN,13,20
2012,13,BAL,PIT,20,23
2012,13,STL,SFO,16,13
2012,13,OAK,CLE,17,20
2012,13,TEN,HOU,10,24
2012,13,NYJ,ARI,7,6
2012,13,MIA,NWE,16,23
2012,13,KAN,CAR,27,21
2012,13,GNB,MIN,23,14
2012,13,DEN,TAM,31,23
2012,13,DAL,PHI,38,33
2012,13,CHI,SEA,17,23
2012,13,BUF,JAX,34,18
2012,13,ATL,NOR,23,13
2012,13,WAS,NYG,17,16
2012,13,DET,IND,33,35
2012,14,OAK,DEN,13,26
2012,14,CAR,ATL,30,20
2012,14,BUF,STL,12,15
2012,14,NWE,HOU,42,14
2012,14,WAS,BAL,31,28
2012,14,TAM,PHI,21,23
2012,14,SFO,MIA,27,13
2012,14,SEA,ARI,58,0
2012,14,MIN,CHI,21,14
2012,14,NYG,NOR,52,27
2012,14,JAX,NYJ,10,17
2012,14,GNB,DET,27,20
2012,14,IND,TEN,27,23
2012,14,CLE,KAN,30,7
2012,14,PIT,SDG,24,34
2012,14,CIN,DAL,19,20
2012,15,TEN,NYJ,14,10
2012,15,BAL,DEN,17,34
2012,15,STL,MIN,22,36
2012,15,OAK,KAN,15,0
2012,15,NOR,TAM,41,0
2012,15,MIA,JAX,24,3
2012,15,SDG,CAR,7,31
2012,15,DAL,PIT,27,24
2012,15,HOU,IND,29,17
2012,15,PHI,CIN,13,34
2012,15,ATL,NYG,34,0
2012,15,NWE,SFO,34,41
2012,15,CHI,GNB,13,21
2012,15,CLE,WAS,21,38
2012,15,ARI,DET,38,10
2012,15,BUF,SEA,17,50
2012,16,TAM,STL,13,28
2012,16,SEA,SFO,42,13
2012,16,BAL,NYG,33,14
2012,16,PIT,CIN,10,13
2012,16,PHI,WAS,20,27
2012,16,NYJ,SDG,17,27
2012,16,MIA,BUF,24,10
2012,16,JAX,NWE,16,23
2012,16,HOU,MIN,6,23
2012,16,DEN,CLE,34,12
2012,16,DAL,NOR,31,34
2012,16,ARI,CHI,13,28
2012,16,CAR,OAK,17,6
2012,16,DET,ATL,18,31
2012,16,KAN,IND,13,20
2012,16,GNB,TEN,55,7
2012,17,NOR,CAR,38,44
2012,17,ATL,TAM,17,22
2012,17,BUF,NYJ,28,9
2012,17,CIN,BAL,23,17
2012,17,DEN,KAN,38,3
2012,17,DET,CHI,24,26
2012,17,WAS,DAL,28,18
2012,17,SFO,ARI,27,13
2012,17,SEA,STL,20,13
2012,17,SDG,OAK,24,21
2012,17,PIT,CLE,24,10
2012,17,TEN,JAX,38,20
2012,17,NYG,PHI,42,7
2012,17,NWE,MIA,28,0
2012,17,MIN,GNB,37,34
2012,17,IND,HOU,28,16
2013,1,DEN,BAL,49,27
2013,1,SDG,HOU,28,31
2013,1,SFO,GNB,34,28
2013,1,STL,ARI,27,24
2013,1,PIT,TEN,9,16
2013,1,NYJ,TAM,18,17
2013,1,NOR,ATL,23,17
2013,1,JAX,KAN,2,28
2013,1,WAS,PHI,27,33
2013,1,DAL,NYG,36,31
2013,1,IND,OAK,21,17
2013,1,CLE,MIA,10,23
2013,1,CHI,CIN,24,21
2013,1,CAR,SEA,7,12
2013,1,BUF,NWE,21,23
2013,1,DET,MIN,34,24
2013,2,TAM,NOR,14,16
2013,2,SEA,SFO,29,3
2013,2,BAL,CLE,14,6
2013,2,OAK,JAX,19,9
2013,2,PHI,SDG,30,33
2013,2,NYG,DEN,23,41
2013,2,ARI,DET,25,21
2013,2,HOU,TEN,30,24
2013,2,GNB,WAS,38,20
2013,2,IND,MIA,20,24
2013,2,CHI,MIN,31,30
2013,2,BUF,CAR,24,23
2013,2,CIN,PIT,20,10
2013,2,KAN,DAL,17,16
2013,2,ATL,STL,31,24
2013,2,NWE,NYJ,13,10
2013,3,PIT,CHI,23,40
2013,3,DEN,OAK,37,21
2013,3,WAS,DET,20,27
2013,3,SFO,IND,7,27
2013,3,SEA,JAX,45,17
2013,3,BAL,HOU,30,9
2013,3,TEN,SDG,20,17
2013,3,NWE,TAM,23,3
2013,3,NYJ,BUF,27,20
2013,3,MIN,CLE,27,31
2013,3,MIA,ATL,27,23
2013,3,DAL,STL,31,7
2013,3,CIN,GNB,34,30
2013,3,CAR,NYG,38,0
2013,3,PHI,KAN,16,26
2013,3,NOR,ARI,31,7
2013,4,OAK,WAS,14,24
2013,4,TEN,NYJ,38,13
2013,4,SDG,DAL,30,21
2013,4,DET,CHI,40,32
2013,4,NOR,MIA,38,17
2013,4,MIN,PIT,34,27
2013,4,TAM,ARI,10,13
2013,4,KAN,NYG,31,7
2013,4,ATL,NWE,23,30
2013,4,HOU,SEA,20,23
2013,4,DEN,PHI,52,20
2013,4,CLE,CIN,17,6
2013,4,BUF,BAL,23,20
2013,4,STL,SFO,11,35
2013,4,JAX,IND,3,37
2013,5,TEN,KAN,17,26
2013,5,ATL,NYJ,28,30
2013,5,OAK,SDG,27,17
2013,5,STL,JAX,34,20
2013,5,SFO,HOU,34,3
2013,5,GNB,DET,22,9
2013,5,CIN,NWE,13,6
2013,5,ARI,CAR,22,6
2013,5,IND,SEA,34,28
2013,5,CHI,NOR,18,26
2013,5,CLE,BUF,37,24
2013,5,NYG,PHI,21,36
2013,5,DAL,DEN,48,51
2013,5,MIA,BAL,23,26
2013,6,DEN,JAX,35,19
2013,6,BUF,CIN,24,27
2013,6,CHI,NYG,27,21
2013,6,SDG,IND,19,9
2013,6,TAM,PHI,20,31
2013,6,SFO,ARI,32,20
2013,6,SEA,TEN,20,13
2013,6,NYJ,PIT,6,19
2013,6,NWE,NOR,30,27
2013,6,BAL,GNB,17,19
2013,6,KAN,OAK,24,7
2013,6,HOU,STL,13,38
2013,6,DAL,WAS,31,16
2013,6,CLE,DET,17,31
2013,6,MIN,CAR,10,35
2013,7,MIA,BUF,21,23
2013,7,WAS,CHI,45,41
2013,7,NYG,MIN,23,7
2013,7,PIT,BAL,19,16
2013,7,TEN,SFO,17,31
2013,7,NYJ,NWE,30,27
2013,7,KAN,HOU,17,16
2013,7,PHI,DAL,3,17
2013,7,GNB,CLE,31,13
2013,7,DET,CIN,24,27
2013,7,IND,DEN,39,33
2013,7,CAR,STL,30,15
2013,7,ATL,TAM,31,23
2013,7,ARI,SEA,22,34
2013,7,JAX,SDG,6,24
2013,8,STL,SEA,9,14
2013,8,OAK,PIT,21,18
2013,8,KAN,CLE,23,17
2013,8,JAX,SFO,10,42
2013,8,DET,DAL,31,30
2013,8,PHI,NYG,7,15
2013,8,ARI,ATL,27,13
2013,8,DEN,WAS,45,21
2013,8,NWE,MIA,27,17
2013,8,MIN,GNB,31,44
2013,8,TAM,CAR,13,31
2013,8,CIN,NYJ,49,9
2013,8,NOR,BUF,35,17
2013,9,MIA,CIN,22,20
2013,9,BUF,KAN,13,23
2013,9,CAR,ATL,34,10
2013,9,DAL,MIN,27,23
2013,9,HOU,IND,24,27
2013,9,NWE,PIT,55,31
2013,9,NYJ,NOR,26,20
2013,9,OAK,PHI,20,49
2013,9,STL,TEN,21,28
2013,9,SEA,TAM,27,24
2013,9,CLE,BAL,24,18
2013,9,GNB,CHI,20,27
2013,9,WAS,SDG,30,24
2013,10,SFO,CAR,9,10
2013,10,SDG,DEN,20,28
2013,10,BAL,CIN,20,17
2013,10,PIT,BUF,23,10
2013,10,TEN,JAX,27,29
2013,10,NYG,OAK,24,20
2013,10,TAM,MIA,22,19
2013,10,GNB,PHI,13,27
2013,10,ARI,HOU,27,24
2013,10,IND,STL,8,38
2013,10,CHI,DET,19,21
2013,10,ATL,SEA,10,33
2013,10,MIN,WAS,34,27
2013,10,NOR,DAL,49,17
2013,11,PHI,WAS,24,16
2013,11,BUF,NYJ,37,14
2013,11,CAR,NWE,24,20
2013,11,TAM,ATL,41,28
2013,11,SEA,MIN,41,20
2013,11,PIT,DET,37,27
2013,11,NYG,GNB,27,13
2013,11,TEN,IND,27,30
2013,11,MIA,SDG,20,16
2013,11,JAX,ARI,14,27
2013,11,HOU,OAK,23,28
2013,11,DEN,KAN,27,17
2013,11,CIN,CLE,41,20
2013,11,CHI,BAL,23,20
2013,11,NOR,SFO,23,20
2013,12,BAL,NYJ,19,3
2013,12,STL,CHI,42,21
2013,12,OAK,TEN,19,23
2013,12,NYG,DAL,21,24
2013,12,NWE,DEN,34,31
2013,12,WAS,SFO,6,27
2013,12,KAN,SDG,38,41
2013,12,ATL,NOR,13,17
2013,12,MIA,CAR,16,20
2013,12,CLE,PIT,11,27
2013,12,ARI,IND,40,11
2013,12,DET,TAM,21,24
2013,12,HOU,JAX,6,13
2013,12,GNB,MIN,26,26
2013,13,SEA,NOR,34,7
2013,13,WAS,NYG,17,24
2013,13,SFO,STL,23,13
2013,13,SDG,CIN,10,17
2013,13,PHI,ARI,24,21
2013,13,NYJ,MIA,3,23
2013,13,MIN,CHI,23,20
2013,13,KAN,DEN,28,35
2013,13,HOU,NWE,31,34
2013,13,CLE,JAX,28,32
2013,13,CAR,TAM,27,6
2013,13,BUF,ATL,31,34
2013,13,BAL,PIT,22,20
2013,13,DET,GNB,40,10
2013,13,DAL,OAK,31,24
2013,13,IND,TEN,22,14
2013,14,JAX,HOU,27,20
2013,14,CIN,IND,42,28
2013,14,DEN,TEN,51,28
2013,14,ARI,STL,30,10
2013,14,CHI,DAL,45,28
2013,14,WAS,KAN,10,45
2013,14,TAM,BUF,27,6
2013,14,SFO,SEA,19,17
2013,14,SDG,NYG,37,14
2013,14,PIT,MIA,28,34
2013,14,PHI,DET,34,20
2013,14,NYJ,OAK,37,27
2013,14,NWE,CLE,27,26
2013,14,NOR,CAR,31,13
2013,14,BAL,MIN,29,26
2013,14,GNB,ATL,22,21
2013,15,DET,BAL,16,18
2013,15,STL,NOR,27,16
2013,15,OAK,KAN,31,56
2013,15,PIT,CIN,30,20
2013,15,NYG,SEA,0,23
2013,15,MIN,PHI,48,30
2013,15,TAM,SFO,14,33
2013,15,JAX,BUF,20,27
2013,15,MIA,NWE,24,20
2013,15,DEN,SDG,20,27
2013,15,ATL,WAS,27,26
2013,15,TEN,ARI,34,37
2013,15,CLE,CHI,31,38
2013,15,IND,HOU,25,3
2013,15,DAL,GNB,36,37
2013,15,CAR,NYJ,30,20
2013,16,SFO,ATL,34,24
2013,16,WAS,DAL,23,24
2013,16,SEA,ARI,10,17
2013,16,SDG,OAK,26,13
2013,16,BAL,NWE,7,41
2013,16,STL,TAM,23,13
2013,16,PHI,CHI,54,11
2013,16,KAN,IND,7,23
2013,16,JAX,TEN,16,20
2013,16,GNB,PIT,31,38
2013,16,DET,NYG,20,23
2013,16,CIN,MIN,42,14
2013,16,CAR,NOR,17,13
2013,16,BUF,MIA,19,0
2013,16,NYJ,CLE,24,13
2013,16,HOU,DEN,13,37
2013,17,NWE,BUF,34,20
2013,17,ATL,CAR,20,21
2013,17,CHI,GNB,28,33
2013,17,CIN,BAL,34,17
2013,17,IND,JAX,30,10
2013,17,DAL,PHI,22,24
2013,17,MIA,NYJ,7,20
2013,17,MIN,DET,14,13
2013,17,SEA,STL,27,9
2013,17,SDG,KAN,27,24
2013,17,OAK,DEN,14,34
2013,17,PIT,CLE,20,7
2013,17,TEN,HOU,16,10
2013,17,NYG,WAS,20,6
2013,17,NOR,TAM,42,17
2013,17,ARI,SFO,20,23
2014,1,SEA,GNB,36,16
2014,1,ARI,SDG,18,17
2014,1,TAM,CAR,14,20
2014,1,BAL,CIN,16,23
2014,1,STL,MIN,6,34
2014,1,PIT,CLE,30,27
2014,1,PHI,JAX,34,17
2014,1,NYJ,OAK,19,14
2014,1,DET,NYG,35,14
2014,1,KAN,TEN,10,26
2014,1,HOU,WAS,17,6
2014,1,DEN,IND,31,24
2014,1,DAL,SFO,17,28
2014,1,CHI,BUF,20,23
2014,1,ATL,NOR,37,34
2014,1,MIA,NWE,33,20
2014,2,WAS,JAX,41,10
2014,2,TAM,STL,17,19
2014,2,SFO,CHI,20,28
2014,2,SDG,SEA,30,21
2014,2,OAK,HOU,14,30
2014,2,TEN,DAL,10,26
2014,2,DEN,KAN,24,17
2014,2,MIN,NWE,7,30
2014,2,GNB,NYJ,31,24
2014,2,CLE,NOR,26,24
2014,2,CIN,ATL,24,10
2014,2,CAR,DET,24,7
2014,2,IND,PHI,27,30
2014,2,NYG,ARI,14,25
2014,2,BUF,MIA,29,10
2014,2,BAL,PIT,26,6
2014,3,NWE,OAK,16,9
2014,3,SEA,DEN,26,20
2014,3,STL,DAL,31,34
2014,3,PHI,WAS,37,34
2014,3,NYG,HOU,30,17
2014,3,NOR,MIN,20,9
2014,3,MIA,KAN,15,34
2014,3,NYJ,CHI,19,27
2014,3,JAX,IND,17,44
2014,3,ARI,SFO,23,14
2014,3,CLE,BAL,21,23
2014,3,CIN,TEN,33,7
2014,3,CAR,PIT,19,37
2014,3,BUF,SDG,10,22
2014,3,ATL,TAM,56,14
2014,3,DET,GNB,19,7
2014,4,BAL,CAR,38,10
2014,4,SDG,JAX,33,14
2014,4,HOU,BUF,23,17
2014,4,KAN,NWE,41,14
2014,4,OAK,MIA,14,38
2014,4,SFO,PHI,26,21
2014,4,PIT,TAM,24,27
2014,4,WAS,NYG,14,45
2014,4,MIN,ATL,41,28
2014,4,DAL,NOR,38,17
2014,4,IND,TEN,41,17
2014,4,CHI,GNB,17,38
2014,4,NYJ,DET,17,24
2014,5,SFO,KAN,22,17
2014,5,NWE,CIN,43,17
2014,5,WAS,SEA,17,27
2014,5,TEN,CLE,28,29
2014,5,NYG,ATL,30,20
2014,5,NOR,TAM,37,31
2014,5,DET,BUF,14,17
2014,5,DEN,ARI,41,20
2014,5,DAL,HOU,20,17
2014,5,IND,BAL,20,13
2014,5,CAR,CHI,31,24
2014,5,GNB,MIN,42,10
2014,5,SDG,NYJ,31,0
2014,5,JAX,PIT,9,17
2014,5,PHI,STL,34,28
2014,6,MIA,GNB,24,27
2014,6,ATL,CHI,13,27
2014,6,HOU,IND,28,33
2014,6,STL,SFO,17,31
2014,6,TAM,BAL,17,48
2014,6,SEA,DAL,23,30
2014,6,OAK,SDG,28,31
2014,6,TEN,JAX,16,14
2014,6,NYJ,DEN,17,31
2014,6,PHI,NYG,27,0
2014,6,ARI,WAS,30,20
2014,6,CLE,PIT,31,10
2014,6,CIN,CAR,37,37
2014,6,BUF,NWE,22,37
2014,6,MIN,DET,3,17
2014,7,WAS,TEN,19,17
2014,7,JAX,CLE,24,6
2014,7,PIT,HOU,30,23
2014,7,BAL,ATL,29,7
2014,7,STL,SEA,28,26
2014,7,OAK,ARI,13,24
2014,7,GNB,CAR,38,17
2014,7,SDG,KAN,20,23
2014,7,DEN,SFO,42,17
2014,7,DAL,NYG,31,21
2014,7,IND,CIN,27,0
2014,7,CHI,MIA,14,27
2014,7,BUF,MIN,17,16
2014,7,NWE,NYJ,27,25
2014,7,DET,NOR,24,23
2014,8,DAL,WAS,17,20
2014,8,TAM,MIN,13,19
2014,8,PIT,IND,51,34
2014,8,KAN,STL,34,7
2014,8,JAX,MIA,13,27
2014,8,ARI,PHI,24,20
2014,8,NOR,GNB,44,23
2014,8,CIN,BAL,27,24
2014,8,CLE,OAK,23,13
2014,8,TEN,HOU,16,30
2014,8,NYJ,BUF,23,43
2014,8,NWE,CHI,51,23
2014,8,ATL,DET,21,22
2014,8,CAR,SEA,9,13
2014,8,DEN,SDG,35,21
2014,9,CAR,NOR,10,28
2014,9,CIN,JAX,33,23
2014,9,CLE,TAM,22,17
2014,9,HOU,PHI,21,31
2014,9,KAN,NYJ,24,10
2014,9,MIA,SDG,37,0
2014,9,MIN,WAS,29,26
2014,9,NWE,DEN,43,21
2014,9,PIT,BAL,43,23
2014,9,SEA,OAK,30,24
2014,9,DAL,ARI,17,28
2014,9,NYG,IND,24,40
2014,9,SFO,STL,10,13
2014,10,OAK,DEN,17,41
2014,10,CIN,CLE,3,24
2014,10,BUF,KAN,13,17
2014,10,ARI,STL,31,14
2014,10,DET,MIA,20,16
2014,10,GNB,CHI,55,14
2014,10,JAX,DAL,17,31
2014,10,NOR,SFO,24,27
2014,10,NYJ,PIT,20,13
2014,10,BAL,TEN,21,7
2014,10,SEA,NYG,38,17
2014,10,TAM,ATL,17,27
2014,10,PHI,CAR,45,21
2014,11,SDG,OAK,13,6
2014,11,WAS,TAM,7,27
2014,11,CAR,ATL,17,19
2014,11,CHI,MIN,21,13
2014,11,STL,DEN,22,7
2014,11,TEN,PIT,24,27
2014,11,NYG,SFO,10,16
2014,11,MIA,BUF,22,9
2014,11,KAN,SEA,24,20
2014,11,GNB,PHI,53,20
2014,11,ARI,DET,14,6
2014,11,IND,NWE,20,42
2014,11,CLE,HOU,7,23
2014,11,NOR,CIN,10,27
2014,12,BUF,NYJ,38,3
2014,12,SFO,WAS,17,13
2014,12,SEA,ARI,19,3
2014,12,SDG,STL,27,24
2014,12,PHI,TEN,43,24
2014,12,NYG,DAL,28,31
2014,12,NOR,BAL,27,34
2014,12,MIN,GNB,21,24
2014,12,OAK,KAN,24,20
2014,12,NWE,DET,34,9
2014,12,ATL,CLE,24,26
2014,12,IND,JAX,23,3
2014,12,HOU,CIN,13,22
2014,12,DEN,MIA,39,36
2014,12,CHI,TAM,21,13
2014,13,JAX,NYG,25,24
2014,13,NYJ,MIA,13,16
2014,13,TAM,CIN,13,14
2014,13,BAL,SDG,33,34
2014,13,STL,OAK,52,0
2014,13,PIT,NOR,32,35
2014,13,MIN,CAR,31,13
2014,13,GNB,NWE,26,21
2014,13,HOU,TEN,45,21
2014,13,IND,WAS,49,27
2014,13,BUF,CLE,26,10
2014,13,ATL,ARI,29,18
2014,13,SFO,SEA,3,19
2014,13,DET,CHI,34,17
2014,13,DAL,PHI,10,33
2014,13,KAN,DEN,16,29
2014,14,CHI,DAL,28,41
2014,14,CIN,PIT,21,42
2014,14,ARI,KAN,17,14
2014,14,CLE,IND,24,25
2014,14,GNB,ATL,43,37
2014,14,WAS,STL,0,24
2014,14,SDG,NWE,14,23
2014,14,OAK,SFO,24,13
2014,14,PHI,SEA,14,24
2014,14,NOR,CAR,10,41
2014,14,MIN,NYJ,30,24
2014,14,MIA,BAL,13,28
2014,14,JAX,HOU,13,27
2014,14,DET,TAM,34,17
2014,14,TEN,NYG,7,36
2014,14,DEN,BUF,24,17
2014,15,CHI,NOR,15,31
2014,15,SDG,DEN,10,22
2014,15,BAL,JAX,20,12
2014,15,PHI,DAL,27,38
2014,15,NYG,WAS,24,13
2014,15,NWE,MIA,41,13
2014,15,SEA,SFO,17,7
2014,15,DET,MIN,16,14
2014,15,KAN,OAK,31,13
2014,15,STL,ARI,6,12
2014,15,ATL,PIT,20,27
2014,15,TEN,NYJ,11,16
2014,15,CAR,TAM,19,17
2014,15,CLE,CIN,0,30
2014,15,IND,HOU,17,10
2014,15,BUF,GNB,21,13
2014,16,CIN,DEN,37,28
2014,16,TAM,GNB,3,20
2014,16,STL,NYG,27,37
2014,16,OAK,BUF,26,24
2014,16,PIT,KAN,20,12
2014,16,NYJ,NWE,16,17
2014,16,NOR,ATL,14,30
2014,16,HOU,BAL,25,13
2014,16,DAL,IND,42,7
2014,16,CHI,DET,14,20
2014,16,CAR,CLE,17,13
2014,16,WAS,PHI,27,24
2014,16,SFO,SDG,35,38
2014,16,JAX,TEN,21,13
2014,16,MIA,MIN,37,35
2014,16,ARI,SEA,6,35
2014,17,BAL,CLE,20,10
2014,17,ATL,CAR,3,34
2014,17,DEN,OAK,47,14
2014,17,GNB,DET,30,20
2014,17,HOU,JAX,23,17
2014,17,KAN,SDG,19,7
2014,17,MIN,CHI,13,9
2014,17,NWE,BUF,9,17
2014,17,NYG,PHI,26,34
2014,17,TEN,IND,10,27
2014,17,WAS,DAL,17,44
2014,17,TAM,NOR,20,23
2014,17,SFO,ARI,20,17
2014,17,SEA,STL,20,6
2014,17,PIT,CIN,27,17
2014,17,MIA,NYJ,24,37
2015,1,NWE,PIT,28,21
2015,1,ATL,PHI,26,24
2015,1,WAS,MIA,10,17
2015,1,TAM,TEN,14,42
2015,1,SDG,DET,33,28
2015,1,STL,SEA,34,31
2015,1,OAK,CIN,13,33
2015,1,NYJ,CLE,31,10
2015,1,SFO,MIN,20,3
2015,1,HOU,KAN,20,27
2015,1,DEN,BAL,19,13
2015,1,DAL,NYG,27,26
2015,1,ARI,NOR,31,19
2015,1,CHI,GNB,23,31
2015,1,BUF,IND,27,14
2015,1,JAX,CAR,9,20
2015,2,WAS,STL,24,10
2015,2,OAK,BAL,37,33
2015,2,PIT,SFO,43,18
2015,2,PHI,DAL,10,20
2015,2,NYG,ATL,20,24
2015,2,NOR,TAM,19,26
2015,2,CLE,TEN,28,14
2015,2,JAX,MIA,23,20
2015,2,GNB,SEA,27,17
2015,2,CIN,SDG,24,19
2015,2,CHI,ARI,23,48
2015,2,CAR,HOU,24,17
2015,2,IND,NYJ,7,20
2015,2,MIN,DET,26,16
2015,2,BUF,NWE,32,40
2015,2,KAN,DEN,24,31
2015,3,NYJ,PHI,17,24
2015,3,GNB,KAN,38,28
2015,3,SEA,CHI,26,0
2015,3,BAL,CIN,24,28
2015,3,STL,PIT,6,12
2015,3,TEN,IND,33,35
2015,3,NWE,JAX,51,17
2015,3,MIA,BUF,14,41
2015,3,MIN,SDG,31,14
2015,3,DET,DEN,12,24
2015,3,DAL,ATL,28,39
2015,3,ARI,SFO,47,7
2015,3,CLE,OAK,20,27
2015,3,CAR,NOR,27,22
2015,3,NYG,WAS,32,21
2015,3,HOU,TAM,19,9
2015,4,SFO,GNB,3,17
2015,4,SDG,CLE,30,27
2015,4,TAM,CAR,23,37
2015,4,IND,JAX,16,13
2015,4,SEA,DET,13,10
2015,4,NOR,DAL,26,20
2015,4,WAS,PHI,23,20
2015,4,MIA,NYJ,14,27
2015,4,ATL,HOU,48,21
2015,4,ARI,STL,22,24
2015,4,CIN,KAN,36,21
2015,4,CHI,OAK,22,20
2015,4,BUF,NYG,10,24
2015,4,PIT,BAL,20,23
2015,4,DEN,MIN,23,20
2015,5,TEN,BUF,13,14
2015,5,TAM,JAX,38,31
2015,5,PHI,NOR,39,17
2015,5,OAK,DEN,10,16
2015,5,BAL,CLE,30,33
2015,5,SDG,PIT,20,24
2015,5,CIN,SEA,27,24
2015,5,DET,ARI,17,42
2015,5,DAL,NWE,6,30
2015,5,ATL,WAS,25,19
2015,5,HOU,IND,20,27
2015,5,NYG,SFO,30,27
2015,5,GNB,STL,24,10
2015,5,KAN,CHI,17,18
2015,6,DET,CHI,37,34
2015,6,BUF,CIN,21,34
2015,6,NOR,ATL,31,21
2015,6,PHI,NYG,27,7
2015,6,SFO,BAL,25,20
2015,6,SEA,CAR,23,27
2015,6,PIT,ARI,25,13
2015,6,NYJ,WAS,34,20
2015,6,TEN,MIA,10,38
2015,6,JAX,HOU,20,31
2015,6,GNB,SDG,27,20
2015,6,IND,NWE,27,34
2015,6,CLE,DEN,23,26
2015,6,MIN,KAN,16,10
2015,7,NWE,NYJ,30,23
2015,7,WAS,TAM,31,30
2015,7,ARI,BAL,26,18
2015,7,STL,CLE,24,6
2015,7,TEN,ATL,7,10
2015,7,NYG,DAL,27,20
2015,7,MIA,HOU,44,26
2015,7,SDG,OAK,29,37
2015,7,JAX,BUF,34,31
2015,7,DET,MIN,19,28
2015,7,IND,NOR,21,27
2015,7,CAR,PHI,27,16
2015,7,SFO,SEA,3,20
2015,7,KAN,PIT,23,13
2015,8,CAR,IND,29,26
2015,8,BAL,SDG,29,26
2015,8,KAN,DET,45,10
2015,8,HOU,TEN,20,6
2015,8,DEN,GNB,29,10
2015,8,STL,SFO,27,6
2015,8,CLE,ARI,20,34
2015,8,DAL,SEA,12,13
2015,8,OAK,NYJ,34,20
2015,8,PIT,CIN,10,16
2015,8,NOR,NYG,52,49
2015,8,ATL,TAM,20,23
2015,8,CHI,MIN,20,23
2015,8,NWE,MIA,36,7
2015,9,CIN,CLE,31,10
2015,9,BUF,MIA,33,17
2015,9,CAR,GNB,37,29
2015,9,DAL,PHI,27,33
2015,9,MIN,STL,21,18
2015,9,NOR,TEN,28,34
2015,9,NWE,WAS,27,10
2015,9,NYJ,JAX,28,23
2015,9,PIT,OAK,38,35
2015,9,SFO,ATL,17,16
2015,9,IND,DEN,27,24
2015,9,SDG,CHI,19,22
2015,9,TAM,NYG,18,32
2015,10,CIN,HOU,6,10
2015,10,WAS,NOR,47,14
2015,10,TAM,DAL,10,6
2015,10,SEA,ARI,32,39
2015,10,STL,CHI,13,37
2015,10,OAK,MIN,14,30
2015,10,BAL,JAX,20,22
2015,10,PHI,MIA,19,20
2015,10,TEN,CAR,10,27
2015,10,NYG,NWE,26,27
2015,10,GNB,DET,16,18
2015,10,DEN,KAN,13,29
2015,10,NYJ,BUF,17,22
2015,10,PIT,CLE,30,9
2015,11,BAL,STL,16,13
2015,11,ATL,IND,21,24
2015,11,NWE,BUF,20,13
2015,11,SEA,SFO,29,13
2015,11,SDG,KAN,3,33
2015,11,PHI,TAM,17,45
2015,11,JAX,TEN,19,13
2015,11,MIA,DAL,14,24
2015,11,HOU,NYJ,24,17
2015,11,DET,OAK,18,13
2015,11,ARI,CIN,34,31
2015,11,CHI,DEN,15,17
2015,11,CAR,WAS,44,16
2015,11,MIN,GNB,13,30
2015,12,CLE,BAL,27,33
2015,12,SFO,ARI,13,19
2015,12,SEA,PIT,39,30
2015,12,TEN,OAK,21,24
2015,12,NYJ,MIA,38,20
2015,12,KAN,BUF,30,22
2015,12,WAS,NYG,20,14
2015,12,HOU,NOR,24,6
2015,12,DAL,CAR,14,33
2015,12,JAX,SDG,25,31
2015,12,DET,PHI,45,14
2015,12,GNB,CHI,13,17
2015,12,ATL,MIN,10,20
2015,12,CIN,STL,31,7
2015,12,DEN,NWE,30,24
2015,12,IND,TAM,25,12
2015,13,TAM,ATL,23,19
2015,13,SDG,DEN,3,17
2015,13,STL,ARI,3,27
2015,13,OAK,KAN,20,34
2015,13,PIT,IND,45,10
2015,13,TEN,JAX,42,39
2015,13,NYG,NYJ,20,23
2015,13,NWE,PHI,28,35
2015,13,NOR,CAR,38,41
2015,13,MIA,BAL,15,13
2015,13,CLE,CIN,3,37
2015,13,CHI,SFO,20,26
2015,13,BUF,HOU,30,21
2015,13,DET,GNB,23,27
2015,13,WAS,DAL,16,19
2015,13,MIN,SEA,7,38
2015,14,ARI,MIN,23,20
2015,14,CHI,WAS,21,24
2015,14,CAR,ATL,38,0
2015,14,MIA,NYG,24,31
2015,14,TAM,NOR,17,24
2015,14,BAL,SEA,6,35
2015,14,STL,DET,21,14
2015,14,PHI,BUF,23,20
2015,14,JAX,IND,51,16
2015,14,KAN,SDG,10,3
2015,14,HOU,NWE,6,27
2015,14,GNB,DAL,28,7
2015,14,DEN,OAK,12,15
2015,14,CLE,SFO,24,10
2015,14,NYJ,TEN,30,8
2015,14,CIN,PIT,20,33
2015,15,NOR,DET,27,35
2015,15,SFO,CIN,14,24
2015,15,SEA,CLE,30,13
2015,15,SDG,MIA,30,14
2015,15,OAK,GNB,20,30
2015,15,PIT,DEN,34,27
2015,15,WAS,BUF,35,25
2015,15,NYG,CAR,35,38
2015,15,PHI,ARI,17,40
2015,15,STL,TAM,31,23
2015,15,DAL,NYJ,16,19
2015,15,BAL,KAN,14,34
2015,15,JAX,ATL,17,23
2015,15,MIN,CHI,38,17
2015,15,NWE,TEN,33,16
2015,15,IND,HOU,10,16
2015,16,DEN,CIN,20,17
2015,16,TAM,CHI,21,26
2015,16,SEA,STL,17,23
2015,16,BAL,PIT,20,17
2015,16,TEN,HOU,6,34
2015,16,NYJ,NWE,26,20
2015,16,NOR,JAX,38,27
2015,16,MIA,IND,12,18
2015,16,KAN,CLE,17,13
2015,16,ARI,GNB,38,8
2015,16,BUF,DAL,16,6
2015,16,ATL,CAR,20,13
2015,16,PHI,WAS,24,38
2015,16,OAK,SDG,23,20
2015,16,MIN,NYG,49,17
2015,16,DET,SFO,32,17
2015,17,ARI,SEA,6,36
2015,17,ATL,NOR,17,20
2015,17,BUF,NYJ,22,17
2015,17,CAR,TAM,38,10
2015,17,CIN,BAL,24,16
2015,17,CLE,PIT,12,28
2015,17,SFO,STL,19,16
2015,17,NYG,PHI,30,35
2015,17,MIA,NWE,20,10
2015,17,KAN,OAK,23,17
2015,17,HOU,JAX,30,6
2015,17,GNB,MIN,13,20
2015,17,DEN,SDG,27,20
2015,17,DAL,WAS,23,34
2015,17,IND,TEN,30,24
2015,17,CHI,DET,20,24
2016,1,DEN,CAR,21,20
2016,1,SFO,LAR,28,0
2016,1,SEA,MIA,12,10
2016,1,BAL,BUF,13,7
2016,1,PHI,CLE,29,10
2016,1,TEN,MIN,16,25
2016,1,NYJ,CIN,22,23
2016,1,NOR,OAK,34,35
2016,1,WAS,PIT,16,38
2016,1,JAX,GNB,23,27
2016,1,HOU,CHI,23,14
2016,1,DAL,NYG,19,20
2016,1,ARI,NWE,21,23
2016,1,IND,DET,35,39
2016,1,ATL,TAM,24,31
2016,1,KAN,SDG,33,27
2016,2,WAS,DAL,23,27
2016,2,SDG,JAX,38,14
2016,2,LAR,SEA,9,3
2016,2,OAK,ATL,28,35
2016,2,PIT,CIN,24,16
2016,2,NYG,NOR,16,13
2016,2,DET,TEN,15,16
2016,2,MIN,GNB,17,14
2016,2,HOU,KAN,19,12
2016,2,DEN,IND,34,20
2016,2,ARI,TAM,40,7
2016,2,CLE,BAL,20,25
2016,2,CHI,PHI,14,29
2016,2,NWE,MIA,31,24
2016,2,CAR,SFO,46,27
2016,2,BUF,NYJ,31,37
2016,3,NYG,WAS,27,29
2016,3,NOR,ATL,32,45
2016,3,TAM,LAR,32,37
2016,3,SEA,SFO,37,18
2016,3,PHI,PIT,34,3
2016,3,TEN,OAK,10,17
2016,3,MIA,CLE,30,24
2016,3,JAX,BAL,17,19
2016,3,KAN,NYJ,24,3
2016,3,DAL,CHI,31,17
2016,3,IND,SDG,26,22
2016,3,CIN,DEN,17,29
2016,3,CAR,MIN,10,22
2016,3,BUF,ARI,33,18
2016,3,NWE,HOU,27,0
2016,3,GNB,DET,34,27
2016,4,SFO,DAL,17,24
2016,4,SDG,NOR,34,35
2016,4,TAM,DEN,7,27
2016,4,JAX,IND,30,27
2016,4,MIN,NYG,24,10
2016,4,BAL,OAK,27,28
2016,4,WAS,CLE,31,20
2016,4,PIT,KAN,43,14
2016,4,ATL,CAR,48,33
2016,4,NWE,BUF,0,16
2016,4,HOU,TEN,27,20
2016,4,ARI,LAR,13,17
2016,4,CHI,DET,17,14
2016,4,CIN,MIA,22,7
2016,4,NYJ,SEA,17,27
2016,5,PIT,NYJ,31,13
2016,5,CAR,TAM,14,17
2016,5,OAK,SDG,34,31
2016,5,LAR,BUF,19,30
2016,5,BAL,WAS,10,16
2016,5,GNB,NYG,23,16
2016,5,IND,CHI,29,23
2016,5,DEN,ATL,16,23
2016,5,DAL,CIN,28,14
2016,5,CLE,NWE,13,33
2016,5,SFO,ARI,21,33
2016,5,MIN,HOU,31,13
2016,5,DET,PHI,24,23
2016,5,MIA,TEN,17,30
2016,6,GNB,DAL,16,30
2016,6,BUF,SFO,45,16
2016,6,SDG,DEN,21,13
2016,6,ARI,NYJ,28,3
2016,6,WAS,PHI,27,20
2016,6,SEA,ATL,26,24
2016,6,OAK,KAN,10,26
2016,6,NYG,BAL,27,23
2016,6,NWE,CIN,35,17
2016,6,TEN,CLE,28,26
2016,6,MIA,PIT,30,15
2016,6,HOU,IND,26,23
2016,6,DET,LAR,31,28
2016,6,CHI,JAX,16,17
2016,6,NOR,CAR,41,38
2016,7,NYJ,BAL,24,16
2016,7,SFO,TAM,17,34
2016,7,DEN,HOU,27,9
2016,7,LAR,NYG,10,17
2016,7,PHI,MIN,21,10
2016,7,TEN,IND,26,34
2016,7,MIA,BUF,28,25
2016,7,PIT,NWE,16,27
2016,7,JAX,OAK,16,33
2016,7,DET,WAS,20,17
2016,7,ARI,SEA,6,6
2016,7,CIN,CLE,31,17
2016,7,ATL,SDG,30,33
2016,7,GNB,CHI,26,10
2016,7,KAN,NOR,27,21
2016,8,CHI,MIN,20,10
2016,8,TAM,OAK,24,30
2016,8,IND,KAN,14,30
2016,8,CLE,NYJ,28,31
2016,8,CIN,WAS,27,27
2016,8,NOR,SEA,25,20
2016,8,BUF,NWE,25,41
2016,8,CAR,ARI,30,20
2016,8,HOU,DET,20,13
2016,8,DAL,PHI,29,23
2016,8,TEN,JAX,36,22
2016,8,ATL,GNB,33,32
2016,8,DEN,SDG,27,19
2016,9,TAM,ATL,28,43
2016,9,CLE,DAL,10,35
2016,9,GNB,IND,26,31
2016,9,MIA,NYJ,27,23
2016,9,MIN,DET,16,22
2016,9,NYG,PHI,28,23
2016,9,OAK,DEN,30,20
2016,9,LAR,CAR,10,13
2016,9,BAL,PIT,21,14
2016,9,SDG,TEN,43,35
2016,9,KAN,JAX,19,14
2016,9,SEA,BUF,31,25
2016,9,SFO,NOR,23,41
2016,10,WAS,MIN,26,20
2016,10,TAM,CHI,36,10
2016,10,SDG,MIA,24,31
2016,10,PIT,DAL,30,35
2016,10,PHI,ATL,24,15
2016,10,TEN,GNB,47,25
2016,10,NYG,CIN,21,20
2016,10,NWE,SEA,24,31
2016,10,NOR,DEN,23,25
2016,10,JAX,HOU,21,24
2016,10,ARI,SFO,23,20
2016,10,CAR,KAN,17,20
2016,10,BAL,CLE,28,7
2016,10,NYJ,LAR,6,9
2016,11,SEA,PHI,26,15
2016,11,CIN,BUF,12,16
2016,11,OAK,HOU,27,20
2016,11,WAS,GNB,42,24
2016,11,SFO,NWE,17,30
2016,11,LAR,MIA,10,14
2016,11,CAR,NOR,23,20
2016,11,MIN,ARI,30,24
2016,11,KAN,TAM,17,19
2016,11,DET,JAX,26,19
2016,11,DAL,BAL,27,17
2016,11,IND,TEN,24,17
2016,11,CLE,PIT,9,24
2016,11,NYG,CHI,22,16
2016,12,PHI,GNB,13,27
2016,12,BAL,CIN,19,14
2016,12,OAK,CAR,35,32
2016,12,NYJ,NWE,17,22
2016,12,NOR,LAR,49,21
2016,12,MIA,SFO,31,24
2016,12,TAM,SEA,14,5
2016,12,DEN,KAN,27,30
2016,12,IND,PIT,7,28
2016,12,HOU,SDG,13,21
2016,12,DAL,WAS,31,26
2016,12,DET,MIN,16,13
2016,12,ATL,ARI,38,19
2016,12,BUF,JAX,28,21
2016,12,CHI,TEN,21,27
2016,12,CLE,NYG,13,27
2016,13,NYJ,IND,10,41
2016,13,SEA,CAR,40,7
2016,13,SDG,TAM,21,28
2016,13,BAL,MIA,38,6
2016,13,OAK,BUF,38,24
2016,13,PIT,NYG,24,14
2016,13,NWE,LAR,26,10
2016,13,NOR,DET,13,28
2016,13,JAX,DEN,10,20
2016,13,ARI,WAS,31,23
2016,13,CIN,PHI,32,14
2016,13,CHI,SFO,26,6
2016,13,ATL,KAN,28,29
2016,13,MIN,DAL,15,17
2016,13,GNB,HOU,21,13
2016,14,KAN,OAK,21,13
2016,14,BUF,PIT,20,27
2016,14,CLE,CIN,10,23
2016,14,CAR,SDG,28,16
2016,14,NWE,BAL,30,23
2016,14,TAM,NOR,16,11
2016,14,SFO,NYJ,17,23
2016,14,LAR,ATL,14,42
2016,14,PHI,WAS,22,27
2016,14,NYG,DAL,10,7
2016,14,MIA,ARI,26,23
2016,14,JAX,MIN,16,25
2016,14,GNB,SEA,38,10
2016,14,DET,CHI,20,17
2016,14,TEN,DEN,13,10
2016,14,IND,HOU,17,22
2016,15,WAS,CAR,15,26
2016,15,BAL,PHI,27,26
2016,15,NYG,DET,17,6
2016,15,MIN,IND,6,34
2016,15,HOU,JAX,21,20
2016,15,DEN,NWE,3,16
2016,15,SDG,OAK,16,19
2016,15,ARI,NOR,41,48
2016,15,DAL,TAM,26,20
2016,15,SEA,LAR,24,3
2016,15,NYJ,MIA,13,34
2016,15,KAN,TEN,17,19
2016,15,BUF,CLE,33,13
2016,15,CHI,GNB,27,30
2016,15,CIN,PIT,20,24
2016,15,ATL,SFO,41,13
2016,16,DAL,DET,42,21
2016,16,PIT,BAL,31,27
2016,16,KAN,DEN,33,10
2016,16,SEA,ARI,31,34
2016,16,LAR,SFO,21,22
2016,16,OAK,IND,33,25
2016,16,NWE,NYJ,41,3
2016,16,JAX,TEN,38,17
2016,16,HOU,CIN,12,10
2016,16,CLE,SDG,20,17
2016,16,CHI,WAS,21,41
2016,16,CAR,ATL,16,33
2016,16,BUF,MIA,31,34
2016,16,PHI,NYG,24,19
2016,16,NOR,TAM,31,24
2016,16,GNB,MIN,38,25
2016,17,PHI,DAL,27,13
2016,17,ATL,NOR,38,32
2016,17,CIN,BAL,27,10
2016,17,IND,JAX,24,20
2016,17,DEN,OAK,24,6
2016,17,MIA,NWE,14,35
2016,17,MIN,CHI,38,10
2016,17,NYJ,BUF,30,10
2016,17,WAS,NYG,10,19
2016,17,TAM,CAR,17,16
2016,17,SFO,SEA,23,25
2016,17,SDG,KAN,27,37
2016,17,LAR,ARI,6,44
2016,17,PIT,CLE,27,24
2016,17,TEN,HOU,24,17
2016,17,DET,GNB,24,31
2017,1,NWE,KAN,27,42
2017,1,DEN,LAC,24,21
2017,1,WAS,PHI,17,30
2017,1,SFO,CAR,3,23
2017,1,LAR,IND,46,9
2017,1,TEN,OAK,16,26
2017,1,HOU,JAX,7,29
2017,1,MIN,NOR,29,19
2017,1,DET,ARI,35,23
2017,1,DAL,NYG,19,3
2017,1,CLE,PIT,18,21
2017,1,CIN,BAL,0,20
2017,1,CHI,ATL,17,23
2017,1,BUF,NYJ,21,12
2017,1,GNB,SEA,17,9
2017,2,TAM,CHI,29,7
2017,2,SEA,SFO,12,9
2017,2,LAC,MIA,17,19
2017,2,BAL,CLE,24,10
2017,2,LAR,WAS,20,27
2017,2,OAK,NYJ,45,20
2017,2,JAX,TEN,16,37
2017,2,NOR,NWE,20,36
2017,2,KAN,PHI,27,20
2017,2,DEN,DAL,42,17
2017,2,IND,ARI,13,16
2017,2,CAR,BUF,9,3
2017,2,NYG,DET,10,24
2017,2,PIT,MIN,26,9
2017,2,ATL,GNB,34,23
2017,2,CIN,HOU,9,13
2017,3,TEN,SEA,33,27
2017,3,ARI,DAL,17,28
2017,3,WAS,OAK,27,10
2017,3,LAC,KAN,10,24
2017,3,PHI,NYG,27,24
2017,3,NYJ,MIA,20,6
2017,3,NWE,HOU,36,33
2017,3,JAX,BAL,44,7
2017,3,MIN,TAM,34,17
2017,3,DET,ATL,26,30
2017,3,IND,CLE,31,28
2017,3,CHI,PIT,23,17
2017,3,CAR,NOR,13,34
2017,3,BUF,DEN,26,16
2017,3,SFO,LAR,39,41
2017,3,GNB,CIN,27,24
2017,4,BAL,PIT,9,26
2017,4,NYJ,JAX,23,20
2017,4,LAC,PHI,24,26
2017,4,DEN,OAK,16,10
2017,4,TAM,NYG,25,23
2017,4,KAN,WAS,29,20
2017,4,NWE,CAR,30,33
2017,4,SEA,IND,46,18
2017,4,MIN,DET,7,14
2017,4,ATL,BUF,17,23
2017,4,HOU,TEN,57,14
2017,4,DAL,LAR,30,35
2017,4,ARI,SFO,18,15
2017,4,CLE,CIN,7,31
2017,4,GNB,CHI,35,14
2017,4,MIA,NOR,0,20
2017,5,MIA,TEN,16,10
2017,5,OAK,BAL,17,30
2017,5,NYG,LAC,22,27
2017,5,PHI,ARI,34,7
2017,5,PIT,JAX,9,30
2017,5,LAR,SEA,10,16
2017,5,CIN,BUF,20,16
2017,5,DAL,GNB,31,35
2017,5,IND,SFO,26,23
2017,5,CLE,NYJ,14,17
2017,5,TAM,NWE,14,19
2017,5,HOU,KAN,34,42
2017,5,CHI,MIN,17,20
2017,5,DET,CAR,24,27
2017,6,DEN,NYG,10,23
2017,6,ATL,MIA,17,20
2017,6,CAR,PHI,23,28
2017,6,TEN,IND,36,22
2017,6,WAS,SFO,26,24
2017,6,BAL,CHI,24,27
2017,6,OAK,LAC,16,17
2017,6,NOR,DET,52,38
2017,6,NYJ,NWE,17,24
2017,6,KAN,PIT,13,19
2017,6,JAX,LAR,17,27
2017,6,HOU,CLE,33,17
2017,6,ARI,TAM,38,33
2017,6,MIN,GNB,23,10
2017,7,NWE,ATL,23,7
2017,7,SFO,DAL,10,40
2017,7,PHI,WAS,34,24
2017,7,LAC,DEN,21,0
2017,7,PIT,CIN,29,14
2017,7,NYG,SEA,7,24
2017,7,MIN,BAL,24,16
2017,7,LAR,ARI,33,0
2017,7,GNB,NOR,17,26
2017,7,IND,JAX,0,27
2017,7,CLE,TEN,9,12
2017,7,CHI,CAR,17,3
2017,7,BUF,TAM,30,27
2017,7,OAK,KAN,31,30
2017,7,MIA,NYJ,31,28
2017,8,KAN,DEN,29,19
2017,8,WAS,DAL,19,33
2017,8,NWE,LAC,21,13
2017,8,NOR,CHI,20,12
2017,8,DET,PIT,15,20
2017,8,TAM,CAR,3,17
2017,8,CIN,IND,24,23
2017,8,CLE,MIN,16,33
2017,8,SEA,HOU,41,38
2017,8,NYJ,ATL,20,25
2017,8,BAL,MIA,40,0
2017,8,BUF,OAK,34,14
2017,8,PHI,SFO,33,10
2017,9,NYJ,BUF,34,21
2017,9,CAR,ATL,20,17
2017,9,DAL,KAN,28,17
2017,9,JAX,CIN,23,7
2017,9,MIA,OAK,24,27
2017,9,NOR,TAM,30,10
2017,9,NYG,LAR,17,51
2017,9,TEN,BAL,23,20
2017,9,PHI,DEN,51,23
2017,9,SEA,WAS,14,17
2017,9,HOU,IND,14,20
2017,9,GNB,DET,17,30
2017,9,SFO,ARI,10,20
2017,10,WAS,MIN,30,38
2017,10,TAM,NYJ,15,10
2017,10,SFO,NYG,31,21
2017,10,LAR,HOU,33,7
2017,10,TEN,CIN,24,20
2017,10,JAX,LAC,20,17
2017,10,CAR,MIA,45,21
2017,10,DEN,NWE,16,41
2017,10,IND,PIT,17,20
2017,10,CHI,GNB,16,23
2017,10,BUF,NOR,10,47
2017,10,ATL,DAL,27,7
2017,10,ARI,SEA,16,22
2017,10,DET,CLE,38,24
2017,11,NYG,KAN,12,9
2017,11,CHI,DET,24,27
2017,11,SEA,ATL,31,34
2017,11,LAC,BUF,54,24
2017,11,OAK,NWE,8,33
2017,11,NOR,WAS,34,31
2017,11,PIT,TEN,40,17
2017,11,MIA,TAM,20,30
2017,11,HOU,ARI,31,21
2017,11,GNB,BAL,0,23
2017,11,DEN,CIN,17,20
2017,11,DAL,PHI,9,37
2017,11,CLE,JAX,7,19
2017,11,MIN,LAR,24,7
2017,12,BAL,HOU,23,16
2017,12,LAR,NOR,26,20
2017,12,OAK,DEN,21,14
2017,12,PIT,GNB,31,28
2017,12,PHI,CHI,31,3
2017,12,NYJ,CAR,27,35
2017,12,SFO,SEA,13,24
2017,12,KAN,BUF,10,16
2017,12,DAL,LAC,6,28
2017,12,NWE,MIA,35,17
2017,12,DET,MIN,23,30
2017,12,WAS,NYG,20,10
2017,12,ATL,TAM,34,20
2017,12,CIN,CLE,30,16
2017,12,ARI,JAX,27,24
2017,12,IND,TEN,16,20
2017,13,SEA,PHI,24,10
2017,13,LAC,CLE,19,10
2017,13,BAL,DET,44,20
2017,13,OAK,NYG,24,17
2017,13,TEN,HOU,24,13
2017,13,NYJ,KAN,38,31
2017,13,NOR,CAR,31,21
2017,13,MIA,DEN,35,9
2017,13,JAX,IND,30,10
2017,13,ARI,LAR,16,32
2017,13,CHI,SFO,14,15
2017,13,BUF,NWE,3,23
2017,13,ATL,MIN,9,14
2017,13,DAL,WAS,38,14
2017,13,CIN,PIT,20,23
2017,13,GNB,TAM,26,20
2017,14,ATL,NOR,20,17
2017,14,CAR,MIN,31,24
2017,14,BUF,IND,13,7
2017,14,MIA,NWE,27,20
2017,14,TAM,DET,21,24
2017,14,LAC,WAS,30,13
2017,14,LAR,PHI,35,43
2017,14,PIT,BAL,39,38
2017,14,JAX,SEA,30,24
2017,14,KAN,OAK,26,15
2017,14,HOU,SFO,16,26
2017,14,DEN,NYJ,23,0
2017,14,ARI,TEN,12,7
2017,14,CLE,GNB,21,27
2017,14,NYG,DAL,10,30
2017,14,CIN,CHI,7,33
2017,15,TAM,ATL,21,24
2017,15,SFO,TEN,25,23
2017,15,SEA,LAR,7,42
2017,15,OAK,DAL,17,20
2017,15,NYG,PHI,29,34
2017,15,NOR,NYJ,31,19
2017,15,WAS,ARI,20,15
2017,15,JAX,HOU,45,7
2017,15,MIN,CIN,34,7
2017,15,IND,DEN,13,25
2017,15,DET,CHI,20,10
2017,15,PIT,NWE,24,27
2017,15,BUF,MIA,24,16
2017,15,CAR,GNB,31,24
2017,15,CLE,BAL,10,27
2017,15,KAN,LAC,30,13
2017,16,PHI,OAK,19,10
2017,16,HOU,PIT,6,34
2017,16,WAS,DEN,27,11
2017,16,SFO,JAX,44,33
2017,16,TEN,LAR,23,27
2017,16,NYJ,LAC,7,14
2017,16,NWE,BUF,37,16
2017,16,KAN,MIA,29,13
2017,16,DAL,SEA,12,21
2017,16,CIN,DET,26,17
2017,16,CHI,CLE,20,3
2017,16,CAR,TAM,22,19
2017,16,BAL,IND,23,16
2017,16,GNB,MIN,0,16
2017,16,NOR,ATL,23,13
2017,16,ARI,NYG,23,0
2017,17,TEN,JAX,15,10
2017,17,ATL,CAR,22,10
2017,17,IND,HOU,22,13
2017,17,DEN,KAN,24,27
2017,17,DET,GNB,35,11
2017,17,MIN,CHI,23,10
2017,17,NWE,NYJ,26,6
2017,17,TAM,NOR,31,24
2017,17,SEA,ARI,24,26
2017,17,LAC,OAK,30,10
2017,17,BAL,CIN,27,31
2017,17,LAR,SFO,13,34
2017,17,PIT,CLE,28,24
2017,17,PHI,DAL,0,6
2017,17,NYG,WAS,18,10
2017,17,MIA,BUF,16,22
2018,1,PHI,ATL,18,12
2018,1,DET,NYJ,17,48
2018,1,LAC,KAN,28,38
2018,1,BAL,BUF,47,3
2018,1,NYG,JAX,15,20
2018,1,NWE,HOU,27,20
2018,1,NOR,TAM,40,48
2018,1,MIN,SFO,24,16
2018,1,OAK,LAR,13,33
2018,1,GNB,CHI,24,23
2018,1,DEN,SEA,27,24
2018,1,ARI,WAS,6,24
2018,1,IND,CIN,23,34
2018,1,CLE,PIT,21,21
2018,1,CAR,DAL,16,8
2018,1,MIA,TEN,27,20
2018,2,WAS,IND,9,21
2018,2,TAM,PHI,27,21
2018,2,SFO,DET,30,27
2018,2,LAR,ARI,34,0
2018,2,PIT,KAN,37,42
2018,2,TEN,HOU,20,17
2018,2,GNB,MIN,29,29
2018,2,NOR,CLE,21,18
2018,2,JAX,NWE,31,20
2018,2,DEN,OAK,20,19
2018,2,DAL,NYG,20,13
2018,2,BUF,LAC,20,31
2018,2,CHI,SEA,24,17
2018,2,NYJ,MIA,12,20
2018,2,ATL,CAR,31,24
2018,2,CIN,BAL,34,23
2018,3,PHI,IND,20,16
2018,3,TAM,PIT,27,30
2018,3,WAS,GNB,31,17
2018,3,SEA,DAL,24,13
2018,3,BAL,DEN,27,14
2018,3,LAR,LAC,35,23
2018,3,MIN,BUF,6,27
2018,3,KAN,SFO,38,27
2018,3,MIA,OAK,28,20
2018,3,HOU,NYG,22,27
2018,3,DET,NWE,26,10
2018,3,ARI,CHI,14,16
2018,3,CAR,CIN,31,21
2018,3,ATL,NOR,37,43
2018,3,CLE,NYJ,21,17
2018,3,JAX,TEN,6,9
2018,4,PIT,BAL,14,26
2018,4,TEN,PHI,26,23
2018,4,OAK,CLE,45,42
2018,4,DAL,DET,26,24
2018,4,DEN,KAN,23,27
2018,4,NYG,NOR,18,33
2018,4,LAC,SFO,29,27
2018,4,NWE,MIA,38,7
2018,4,ATL,CIN,36,37
2018,4,GNB,BUF,22,0
2018,4,ARI,SEA,17,20
2018,4,IND,HOU,34,37
2018,4,CHI,TAM,48,10
2018,4,LAR,MIN,38,31
2018,4,JAX,NYJ,31,12
2018,5,PHI,MIN,21,23
2018,5,SFO,ARI,18,28
2018,5,PIT,ATL,41,17
2018,5,LAC,OAK,26,10
2018,5,SEA,LAR,31,33
2018,5,NOR,WAS,43,19
2018,5,CIN,MIA,27,17
2018,5,DET,GNB,31,23
2018,5,CLE,BAL,12,9
2018,5,CAR,NYG,33,31
2018,5,BUF,TEN,13,12
2018,5,NWE,IND,38,24
2018,5,NYJ,DEN,34,16
2018,5,HOU,DAL,19,16
2018,5,KAN,JAX,30,14
2018,6,DAL,JAX,40,7
2018,6,ATL,TAM,34,29
2018,6,NYG,PHI,13,34
2018,6,GNB,SFO,33,30
2018,6,WAS,CAR,23,17
2018,6,OAK,SEA,3,27
2018,6,TEN,BAL,0,21
2018,6,NWE,KAN,43,40
2018,6,MIN,ARI,27,17
2018,6,NYJ,IND,42,34
2018,6,HOU,BUF,20,13
2018,6,DEN,LAR,20,23
2018,6,CLE,LAC,14,38
2018,6,CIN,PIT,21,28
2018,6,MIA,CHI,31,28
2018,7,PHI,CAR,17,21
2018,7,WAS,DAL,20,17
2018,7,ATL,NYG,23,20
2018,7,SFO,LAR,10,39
2018,7,LAC,TEN,20,19
2018,7,BAL,NOR,23,24
2018,7,NYJ,MIN,17,37
2018,7,TAM,CLE,26,23
2018,7,KAN,CIN,45,10
2018,7,JAX,HOU,7,20
2018,7,IND,BUF,37,5
2018,7,CHI,NWE,31,38
2018,7,ARI,DEN,10,45
2018,7,MIA,DET,21,32
2018,8,BUF,NWE,6,25
2018,8,LAR,GNB,29,27
2018,8,KAN,DEN,30,23
2018,8,JAX,PHI,18,24
2018,8,DET,SEA,14,28
2018,8,OAK,IND,28,42
2018,8,CIN,TAM,37,34
2018,8,ARI,SFO,18,15
2018,8,PIT,CLE,33,18
2018,8,NYG,WAS,13,20
2018,8,MIN,NOR,20,30
2018,8,CAR,BAL,36,21
2018,8,CHI,NYJ,24,10
2018,8,HOU,MIA,42,23
2018,9,SFO,OAK,34,3
2018,9,BUF,CHI,9,41
2018,9,CAR,TAM,42,28
2018,9,DEN,HOU,17,19
2018,9,MIA,NYJ,13,6
2018,9,MIN,DET,24,9
2018,9,NOR,LAR,45,35
2018,9,NWE,GNB,31,17
2018,9,BAL,PIT,16,23
2018,9,SEA,LAC,17,25
2018,9,CLE,KAN,21,37
2018,9,DAL,TEN,14,28
2018,9,WAS,ATL,14,38
2018,10,SFO,NYG,23,27
2018,10,TAM,WAS,3,16
2018,10,LAR,SEA,36,31
2018,10,OAK,LAC,6,20
2018,10,PHI,DAL,20,27
2018,10,NYJ,BUF,10,41
2018,10,TEN,NWE,34,10
2018,10,GNB,MIA,31,12
2018,10,IND,JAX,29,26
2018,10,CLE,ATL,28,16
2018,10,CIN,NOR,14,51
2018,10,CHI,DET,34,22
2018,10,PIT,CAR,52,21
2018,10,KAN,ARI,26,14
2018,11,BAL,CIN,24,21
2018,11,ATL,DAL,19,22
2018,11,LAR,KAN,54,51
2018,11,WAS,HOU,21,23
2018,11,LAC,DEN,22,23
2018,11,NYG,TAM,38,35
2018,11,SEA,GNB,27,24
2018,11,JAX,PIT,16,20
2018,11,DET,CAR,20,19
2018,11,ARI,OAK,21,23
2018,11,IND,TEN,38,10
2018,11,CHI,MIN,25,20
2018,11,NOR,PHI,48,7
2018,12,TAM,SFO,27,9
2018,12,LAC,ARI,45,10
2018,12,BAL,OAK,34,17
2018,12,PHI,NYG,25,22
2018,12,NYJ,NWE,13,27
2018,12,MIN,GNB,24,17
2018,12,HOU,TEN,34,17
2018,12,IND,MIA,27,24
2018,12,DAL,WAS,31,23
2018,12,DEN,PIT,24,17
2018,12,DET,CHI,16,23
2018,12,BUF,JAX,24,21
2018,12,CIN,CLE,20,35
2018,12,CAR,SEA,27,30
2018,12,NOR,ATL,31,17
2018,13,NWE,MIN,24,10
2018,13,PHI,WAS,28,13
2018,13,TAM,CAR,24,17
2018,13,SEA,SFO,43,16
2018,13,OAK,KAN,33,40
2018,13,PIT,LAC,30,33
2018,13,TEN,NYJ,26,22
2018,13,JAX,IND,6,0
2018,13,MIA,BUF,21,17
2018,13,HOU,CLE,29,13
2018,13,GNB,ARI,17,20
2018,13,DET,LAR,16,30
2018,13,CIN,DEN,10,24
2018,13,ATL,BAL,16,26
2018,13,DAL,NOR,13,10
2018,13,NYG,CHI,30,27
2018,14,TEN,JAX,30,9
2018,14,BUF,NYJ,23,27
2018,14,CLE,CAR,26,20
2018,14,CHI,LAR,15,6
2018,14,SEA,MIN,21,7
2018,14,WAS,NYG,16,40
2018,14,TAM,NOR,14,28
2018,14,SFO,DEN,20,14
2018,14,LAC,CIN,26,21
2018,14,MIA,NWE,34,33
2018,14,KAN,BAL,27,24
2018,14,HOU,IND,21,24
2018,14,GNB,ATL,34,20
2018,14,DAL,PHI,29,23
2018,14,OAK,PIT,24,21
2018,14,ARI,DET,3,17
2018,15,CAR,NOR,9,12
2018,15,BAL,TAM,20,12
2018,15,LAR,PHI,23,30
2018,15,PIT,NWE,17,10
2018,15,MIN,MIA,41,17
2018,15,JAX,WAS,13,16
2018,15,SFO,SEA,26,23
2018,15,CIN,OAK,30,16
2018,15,IND,DAL,23,0
2018,15,KAN,LAC,28,29
2018,15,DEN,CLE,16,17
2018,15,NYG,TEN,0,17
2018,15,ATL,ARI,40,14
2018,15,BUF,DET,14,13
2018,15,CHI,GNB,24,17
2018,15,NYJ,HOU,22,29
2018,16,OAK,DEN,27,14
2018,16,SFO,CHI,9,14
2018,16,SEA,KAN,38,31
2018,16,PHI,HOU,32,30
2018,16,NYJ,GNB,38,44
2018,16,NWE,BUF,24,12
2018,16,NOR,PIT,31,28
2018,16,DET,MIN,9,27
2018,16,DAL,TAM,27,20
2018,16,IND,NYG,28,27
2018,16,CLE,CIN,26,18
2018,16,CAR,ATL,10,24
2018,16,LAC,BAL,10,22
2018,16,TEN,WAS,25,16
2018,16,MIA,JAX,7,17
2018,16,ARI,LAR,9,31
2018,17,LAR,SFO,48,32
2018,17,BUF,MIA,42,17
2018,17,DEN,LAC,9,23
2018,17,GNB,DET,0,31
2018,17,HOU,JAX,20,3
2018,17,KAN,OAK,35,3
2018,17,NOR,CAR,14,33
2018,17,NWE,NYJ,38,3
2018,17,NYG,DAL,35,36
2018,17,TEN,IND,17,33
2018,17,WAS,PHI,0,24
2018,17,TAM,ATL,32,34
2018,17,SEA,ARI,27,24
2018,17,BAL,CLE,26,24
2018,17,PIT,CIN,16,13
2018,17,MIN,CHI,10,24
2019,1,CHI,GNB,3,10
2019,1,NOR,HOU,30,28
2019,1,TAM,SFO,17,31
2019,1,SEA,CIN,21,20
2019,1,LAC,IND,30,24
2019,1,PHI,WAS,32,27
2019,1,NYJ,BUF,16,17
2019,1,NWE,PIT,33,3
2019,1,OAK,DEN,24,16
2019,1,MIA,BAL,10,59
2019,1,JAX,KAN,26,40
2019,1,DAL,NYG,35,17
2019,1,ARI,DET,27,27
2019,1,CLE,TEN,13,43
2019,1,CAR,LAR,27,30
2019,1,MIN,ATL,28,12
2019,2,WAS,DAL,21,31
2019,2,BAL,ARI,23,17
2019,2,LAR,NOR,27,9
2019,2,OAK,KAN,10,28
2019,2,PIT,SEA,26,28
2019,2,TEN,IND,17,19
2019,2,GNB,MIN,21,16
2019,2,MIA,NWE,0,43
2019,2,HOU,JAX,13,12
2019,2,DET,LAC,13,10
2019,2,DEN,CHI,14,16
2019,2,CIN,SFO,17,41
2019,2,NYJ,CLE,3,23
2019,2,NYG,BUF,14,28
2019,2,ATL,PHI,24,20
2019,2,CAR,TAM,14,20
2019,3,PHI,DET,24,27
2019,3,WAS,CHI,15,31
2019,3,TAM,NYG,31,32
2019,3,SFO,PIT,24,20
2019,3,SEA,NOR,27,33
2019,3,LAC,HOU,20,27
2019,3,NWE,NYJ,30,14
2019,3,KAN,BAL,33,28
2019,3,MIN,OAK,34,14
2019,3,DAL,MIA,31,6
2019,3,ARI,CAR,20,38
2019,3,IND,ATL,27,24
2019,3,CLE,LAR,13,20
2019,3,BUF,CIN,21,17
2019,3,JAX,TEN,20,7
2019,3,GNB,DEN,27,16
2019,4,NYG,WAS,24,3
2019,4,NOR,DAL,12,10
2019,4,LAR,TAM,40,55
2019,4,ARI,SEA,10,27
2019,4,PIT,CIN,27,3
2019,4,MIA,LAC,10,30
2019,4,BAL,CLE,25,40
2019,4,HOU,CAR,10,16
2019,4,ATL,TEN,10,24
2019,4,DEN,JAX,24,26
2019,4,IND,OAK,24,31
2019,4,CHI,MIN,16,6
2019,4,BUF,NWE,10,16
2019,4,GNB,PHI,27,34
2019,4,DET,KAN,30,34
2019,5,PIT,BAL,23,26
2019,5,SFO,CLE,31,3
2019,5,OAK,CHI,24,21
2019,5,LAC,DEN,13,20
2019,5,WAS,NWE,7,33
2019,5,NYG,MIN,10,28
2019,5,DAL,GNB,24,34
2019,5,KAN,IND,13,19
2019,5,HOU,ATL,53,32
2019,5,CIN,ARI,23,26
2019,5,CAR,JAX,34,27
2019,5,SEA,LAR,30,29
2019,5,PHI,NYJ,31,6
2019,5,NOR,TAM,31,24
2019,5,TEN,BUF,7,14
2019,6,JAX,NOR,6,13
2019,6,CLE,SEA,28,32
2019,6,GNB,DET,23,22
2019,6,TAM,CAR,26,37
2019,6,LAC,PIT,17,24
2019,6,BAL,CIN,23,17
2019,6,NYJ,DAL,24,22
2019,6,MIN,PHI,38,20
2019,6,LAR,SFO,7,20
2019,6,KAN,HOU,24,31
2019,6,NWE,NYG,35,14
2019,6,DEN,TEN,16,0
2019,6,ARI,ATL,34,33
2019,6,MIA,WAS,16,17
2019,7,DET,MIN,30,42
2019,7,NYJ,NWE,0,33
2019,7,SEA,BAL,16,30
2019,7,TEN,LAC,23,20
2019,7,NYG,ARI,21,27
2019,7,GNB,OAK,42,24
2019,7,DAL,PHI,37,10
2019,7,WAS,SFO,0,9
2019,7,CIN,JAX,17,27
2019,7,CHI,NOR,25,36
2019,7,BUF,MIA,31,21
2019,7,ATL,LAR,10,37
2019,7,DEN,KAN,6,30
2019,7,IND,HOU,30,23
2019,8,PIT,MIA,27,14
2019,8,SFO,CAR,51,13
2019,8,KAN,GNB,24,31
2019,8,JAX,NYJ,29,15
2019,8,HOU,OAK,27,24
2019,8,DET,NYG,31,26
2019,8,NOR,ARI,31,9
2019,8,CHI,LAC,16,17
2019,8,IND,DEN,15,13
2019,8,LAR,CIN,24,10
2019,8,TEN,TAM,27,23
2019,8,NWE,CLE,27,13
2019,8,ATL,SEA,20,27
2019,8,BUF,PHI,13,31
2019,8,MIN,WAS,19,9
2019,9,ARI,SFO,25,28
2019,9,BUF,WAS,24,9
2019,9,CAR,TEN,30,20
2019,9,JAX,HOU,3,26
2019,9,KAN,MIN,26,23
2019,9,MIA,NYJ,26,18
2019,9,PHI,CHI,22,14
2019,9,PIT,IND,26,24
2019,9,OAK,DET,31,24
2019,9,BAL,NWE,37,20
2019,9,LAC,GNB,26,11
2019,9,DEN,CLE,24,19
2019,9,NYG,DAL,18,37
2019,9,SEA,TAM,40,34
2019,10,NYJ,NYG,34,27
2019,10,OAK,LAC,26,24
2019,10,CHI,DET,20,13
2019,10,CIN,BAL,13,49
2019,10,CLE,BUF,19,16
2019,10,IND,MIA,12,16
2019,10,DAL,MIN,24,28
2019,10,GNB,CAR,24,16
2019,10,NOR,ATL,9,26
2019,10,TEN,KAN,35,32
2019,10,PIT,LAR,17,12
2019,10,TAM,ARI,30,27
2019,10,SFO,SEA,24,27
2019,11,TAM,NOR,17,34
2019,11,WAS,NYJ,17,34
2019,11,CAR,ATL,3,29
2019,11,IND,JAX,33,13
2019,11,SFO,ARI,36,26
2019,11,LAC,KAN,17,24
2019,11,BAL,HOU,41,7
2019,11,CLE,PIT,21,7
2019,11,OAK,CIN,17,10
2019,11,PHI,NWE,10,17
2019,11,MIN,DEN,27,23
2019,11,MIA,BUF,20,37
2019,11,DET,DAL,27,35
2019,11,LAR,CHI,17,7
2019,12,LAR,BAL,6,45
2019,12,WAS,DET,19,16
2019,12,SFO,GNB,37,8
2019,12,PHI,SEA,9,17
2019,12,TEN,JAX,42,20
2019,12,NYJ,OAK,34,3
2019,12,CHI,NYG,19,14
2019,12,NOR,CAR,34,31
2019,12,CLE,MIA,41,24
2019,12,CIN,PIT,10,16
2019,12,BUF,DEN,20,3
2019,12,ATL,TAM,22,35
2019,12,HOU,IND,20,17
2019,12,NWE,DAL,13,9
2019,13,SEA,MIN,37,30
2019,13,BAL,SFO,20,17
2019,13,PIT,CLE,20,13
2019,13,NYG,GNB,13,31
2019,13,MIA,PHI,37,31
2019,13,KAN,OAK,40,9
2019,13,JAX,TAM,11,28
2019,13,DEN,LAC,23,20
2019,13,ARI,LAR,7,34
2019,13,IND,TEN,17,31
2019,13,CIN,NYJ,22,6
2019,13,CAR,WAS,21,29
2019,13,DET,CHI,20,24
2019,13,DAL,BUF,15,26
2019,13,HOU,NWE,28,22
2019,13,ATL,NOR,18,26
2019,14,ATL,CAR,40,20
2019,14,CHI,DAL,31,24
2019,14,BUF,BAL,17,24
2019,14,ARI,PIT,17,23
2019,14,CLE,CIN,27,19
2019,14,PHI,NYG,23,17
2019,14,TAM,IND,38,35
2019,14,LAR,SEA,28,12
2019,14,OAK,TEN,21,42
2019,14,NWE,KAN,16,23
2019,14,NOR,SFO,46,48
2019,14,MIN,DET,20,7
2019,14,JAX,LAC,10,45
2019,14,HOU,DEN,24,38
2019,14,NYJ,MIA,22,21
2019,14,GNB,WAS,20,15
2019,15,NOR,IND,34,7
2019,15,SFO,ATL,22,29
2019,15,LAC,MIN,10,39
2019,15,PIT,BUF,10,17
2019,15,TEN,HOU,21,24
2019,15,NYG,MIA,36,20
2019,15,WAS,PHI,27,37
2019,15,GNB,CHI,21,13
2019,15,KAN,DEN,23,3
2019,15,BAL,NYJ,42,21
2019,15,CAR,SEA,24,30
2019,15,OAK,JAX,16,20
2019,15,ARI,CLE,38,24
2019,15,DAL,LAR,44,21
2019,15,DET,TAM,17,38
2019,15,CIN,NWE,13,34
2019,16,MIN,GNB,10,23
2019,16,WAS,NYG,35,41
2019,16,SEA,ARI,13,27
2019,16,LAC,OAK,17,24
2019,16,PHI,DAL,17,9
2019,16,TEN,NOR,28,38
2019,16,NYJ,PIT,16,10
2019,16,DEN,DET,27,17
2019,16,IND,CAR,38,6
2019,16,CHI,KAN,3,26
2019,16,ATL,JAX,24,12
2019,16,TAM,HOU,20,23
2019,16,SFO,LAR,34,31
2019,16,NWE,BUF,24,17
2019,16,MIA,CIN,38,35
2019,16,CLE,BAL,15,31
2019,17,BAL,PIT,28,10
2019,17,BUF,NYJ,6,13
2019,17,CAR,NOR,10,42
2019,17,CIN,CLE,33,23
2019,17,DAL,WAS,47,16
2019,17,DEN,OAK,16,15
2019,17,DET,GNB,20,23
2019,17,JAX,IND,38,20
2019,17,KAN,LAC,31,21
2019,17,MIN,CHI,19,21
2019,17,NWE,MIA,24,27
2019,17,NYG,PHI,17,34
2019,17,TAM,ATL,22,28
2019,17,SEA,SFO,21,26
2019,17,LAR,ARI,31,24
2019,17,HOU,TEN,14,35
